-20,34,1HgeUlF7nQ3N4pUXEF/selOohuc=,DZw4bAmbZ497MrmlhPw1jyePGtA=
-21,35,1HgeUlF7nQ3N4pUXEF/selOohuc=,DZw4bAmbZ497MrmlhPw1jyePGtA=
-20,35,1HgeUlF7nQ3N4pUXEF/selOohuc=,DZw4bAmbZ497MrmlhPw1jyePGtA=
-21,32,1HgeUlF7nQ3N4pUXEF/selOohuc=,DZw4bAmbZ497MrmlhPw1jyePGtA=
-21,34,1HgeUlF7nQ3N4pUXEF/selOohuc=,DZw4bAmbZ497MrmlhPw1jyePGtA=
-20,39,1HgeUlF7nQ3N4pUXEF/selOohuc=,DZw4bAmbZ497MrmlhPw1jyePGtA=
-20,32,1HgeUlF7nQ3N4pUXEF/selOohuc=,DZw4bAmbZ497MrmlhPw1jyePGtA=
-20,38,1HgeUlF7nQ3N4pUXEF/selOohuc=,DZw4bAmbZ497MrmlhPw1jyePGtA=
-21,36,1HgeUlF7nQ3N4pUXEF/selOohuc=,DZw4bAmbZ497MrmlhPw1jyePGtA=
-21,39,1HgeUlF7nQ3N4pUXEF/selOohuc=,DZw4bAmbZ497MrmlhPw1jyePGtA=
-21,38,1HgeUlF7nQ3N4pUXEF/selOohuc=,DZw4bAmbZ497MrmlhPw1jyePGtA=
-20,36,1HgeUlF7nQ3N4pUXEF/selOohuc=,DZw4bAmbZ497MrmlhPw1jyePGtA=
-21,37,1HgeUlF7nQ3N4pUXEF/selOohuc=,DZw4bAmbZ497MrmlhPw1jyePGtA=
-20,33,1HgeUlF7nQ3N4pUXEF/selOohuc=,DZw4bAmbZ497MrmlhPw1jyePGtA=
-20,37,1HgeUlF7nQ3N4pUXEF/selOohuc=,DZw4bAmbZ497MrmlhPw1jyePGtA=
-21,33,1HgeUlF7nQ3N4pUXEF/selOohuc=,DZw4bAmbZ497MrmlhPw1jyePGtA=
-25,44,NPcthgK4PW4Tt31/0H4WGMcoDu4=,eXqRjMhSFnj612Md+wfjvjNfb9A=
-26,44,NPcthgK4PW4Tt31/0H4WGMcoDu4=,eXqRjMhSFnj612Md+wfjvjNfb9A=
-29,43,NPcthgK4PW4Tt31/0H4WGMcoDu4=,eXqRjMhSFnj612Md+wfjvjNfb9A=
-27,44,NPcthgK4PW4Tt31/0H4WGMcoDu4=,eXqRjMhSFnj612Md+wfjvjNfb9A=
-28,44,NPcthgK4PW4Tt31/0H4WGMcoDu4=,eXqRjMhSFnj612Md+wfjvjNfb9A=
-27,43,NPcthgK4PW4Tt31/0H4WGMcoDu4=,eXqRjMhSFnj612Md+wfjvjNfb9A=
-28,43,NPcthgK4PW4Tt31/0H4WGMcoDu4=,eXqRjMhSFnj612Md+wfjvjNfb9A=
-26,43,NPcthgK4PW4Tt31/0H4WGMcoDu4=,eXqRjMhSFnj612Md+wfjvjNfb9A=
-29,44,NPcthgK4PW4Tt31/0H4WGMcoDu4=,eXqRjMhSFnj612Md+wfjvjNfb9A=
-25,43,NPcthgK4PW4Tt31/0H4WGMcoDu4=,eXqRjMhSFnj612Md+wfjvjNfb9A=
-27,38,KwyJxld/+1L/y2NcMWB3cckpc00=,DZw4bAmbZ497MrmlhPw1jyePGtA=
-29,36,KwyJxld/+1L/y2NcMWB3cckpc00=,DZw4bAmbZ497MrmlhPw1jyePGtA=
-30,35,KwyJxld/+1L/y2NcMWB3cckpc00=,DZw4bAmbZ497MrmlhPw1jyePGtA=
-24,36,KwyJxld/+1L/y2NcMWB3cckpc00=,DZw4bAmbZ497MrmlhPw1jyePGtA=
-29,42,NPcthgK4PW4Tt31/0H4WGMcoDu4=,eXqRjMhSFnj612Md+wfjvjNfb9A=
-29,35,KwyJxld/+1L/y2NcMWB3cckpc00=,DZw4bAmbZ497MrmlhPw1jyePGtA=
-22,35,KwyJxld/+1L/y2NcMWB3cckpc00=,DZw4bAmbZ497MrmlhPw1jyePGtA=
-28,42,NPcthgK4PW4Tt31/0H4WGMcoDu4=,eXqRjMhSFnj612Md+wfjvjNfb9A=
-30,36,KwyJxld/+1L/y2NcMWB3cckpc00=,DZw4bAmbZ497MrmlhPw1jyePGtA=
-27,42,NPcthgK4PW4Tt31/0H4WGMcoDu4=,eXqRjMhSFnj612Md+wfjvjNfb9A=
-31,36,KwyJxld/+1L/y2NcMWB3cckpc00=,DZw4bAmbZ497MrmlhPw1jyePGtA=
-26,42,NPcthgK4PW4Tt31/0H4WGMcoDu4=,eXqRjMhSFnj612Md+wfjvjNfb9A=
-32,36,KwyJxld/+1L/y2NcMWB3cckpc00=,DZw4bAmbZ497MrmlhPw1jyePGtA=
-24,35,KwyJxld/+1L/y2NcMWB3cckpc00=,DZw4bAmbZ497MrmlhPw1jyePGtA=
-25,35,KwyJxld/+1L/y2NcMWB3cckpc00=,DZw4bAmbZ497MrmlhPw1jyePGtA=
-23,36,KwyJxld/+1L/y2NcMWB3cckpc00=,DZw4bAmbZ497MrmlhPw1jyePGtA=
-25,41,NPcthgK4PW4Tt31/0H4WGMcoDu4=,eXqRjMhSFnj612Md+wfjvjNfb9A=
-23,35,KwyJxld/+1L/y2NcMWB3cckpc00=,DZw4bAmbZ497MrmlhPw1jyePGtA=
-26,41,NPcthgK4PW4Tt31/0H4WGMcoDu4=,eXqRjMhSFnj612Md+wfjvjNfb9A=
-29,38,KwyJxld/+1L/y2NcMWB3cckpc00=,DZw4bAmbZ497MrmlhPw1jyePGtA=
-27,41,NPcthgK4PW4Tt31/0H4WGMcoDu4=,eXqRjMhSFnj612Md+wfjvjNfb9A=
-22,36,KwyJxld/+1L/y2NcMWB3cckpc00=,DZw4bAmbZ497MrmlhPw1jyePGtA=
-31,35,KwyJxld/+1L/y2NcMWB3cckpc00=,DZw4bAmbZ497MrmlhPw1jyePGtA=
-24,37,KwyJxld/+1L/y2NcMWB3cckpc00=,DZw4bAmbZ497MrmlhPw1jyePGtA=
-32,35,KwyJxld/+1L/y2NcMWB3cckpc00=,DZw4bAmbZ497MrmlhPw1jyePGtA=
-25,42,NPcthgK4PW4Tt31/0H4WGMcoDu4=,eXqRjMhSFnj612Md+wfjvjNfb9A=
-25,36,KwyJxld/+1L/y2NcMWB3cckpc00=,DZw4bAmbZ497MrmlhPw1jyePGtA=
-23,37,KwyJxld/+1L/y2NcMWB3cckpc00=,DZw4bAmbZ497MrmlhPw1jyePGtA=
-25,39,KwyJxld/+1L/y2NcMWB3cckpc00=,DZw4bAmbZ497MrmlhPw1jyePGtA=
-28,41,NPcthgK4PW4Tt31/0H4WGMcoDu4=,eXqRjMhSFnj612Md+wfjvjNfb9A=
-22,37,KwyJxld/+1L/y2NcMWB3cckpc00=,DZw4bAmbZ497MrmlhPw1jyePGtA=
-26,39,KwyJxld/+1L/y2NcMWB3cckpc00=,DZw4bAmbZ497MrmlhPw1jyePGtA=
-29,37,KwyJxld/+1L/y2NcMWB3cckpc00=,DZw4bAmbZ497MrmlhPw1jyePGtA=
-28,37,KwyJxld/+1L/y2NcMWB3cckpc00=,DZw4bAmbZ497MrmlhPw1jyePGtA=
-29,41,NPcthgK4PW4Tt31/0H4WGMcoDu4=,eXqRjMhSFnj612Md+wfjvjNfb9A=
-27,39,KwyJxld/+1L/y2NcMWB3cckpc00=,DZw4bAmbZ497MrmlhPw1jyePGtA=
-24,38,KwyJxld/+1L/y2NcMWB3cckpc00=,DZw4bAmbZ497MrmlhPw1jyePGtA=
-28,39,KwyJxld/+1L/y2NcMWB3cckpc00=,DZw4bAmbZ497MrmlhPw1jyePGtA=
-23,38,KwyJxld/+1L/y2NcMWB3cckpc00=,DZw4bAmbZ497MrmlhPw1jyePGtA=
-29,39,KwyJxld/+1L/y2NcMWB3cckpc00=,DZw4bAmbZ497MrmlhPw1jyePGtA=
-22,38,KwyJxld/+1L/y2NcMWB3cckpc00=,DZw4bAmbZ497MrmlhPw1jyePGtA=
-26,36,KwyJxld/+1L/y2NcMWB3cckpc00=,DZw4bAmbZ497MrmlhPw1jyePGtA=
-27,37,KwyJxld/+1L/y2NcMWB3cckpc00=,DZw4bAmbZ497MrmlhPw1jyePGtA=
-26,35,KwyJxld/+1L/y2NcMWB3cckpc00=,DZw4bAmbZ497MrmlhPw1jyePGtA=
-29,40,NPcthgK4PW4Tt31/0H4WGMcoDu4=,eXqRjMhSFnj612Md+wfjvjNfb9A=
-27,35,KwyJxld/+1L/y2NcMWB3cckpc00=,DZw4bAmbZ497MrmlhPw1jyePGtA=
-28,40,NPcthgK4PW4Tt31/0H4WGMcoDu4=,eXqRjMhSFnj612Md+wfjvjNfb9A=
-28,35,KwyJxld/+1L/y2NcMWB3cckpc00=,DZw4bAmbZ497MrmlhPw1jyePGtA=
-26,37,KwyJxld/+1L/y2NcMWB3cckpc00=,DZw4bAmbZ497MrmlhPw1jyePGtA=
-27,36,KwyJxld/+1L/y2NcMWB3cckpc00=,DZw4bAmbZ497MrmlhPw1jyePGtA=
-24,39,KwyJxld/+1L/y2NcMWB3cckpc00=,DZw4bAmbZ497MrmlhPw1jyePGtA=
-28,36,KwyJxld/+1L/y2NcMWB3cckpc00=,DZw4bAmbZ497MrmlhPw1jyePGtA=
-23,39,KwyJxld/+1L/y2NcMWB3cckpc00=,DZw4bAmbZ497MrmlhPw1jyePGtA=
-25,37,KwyJxld/+1L/y2NcMWB3cckpc00=,DZw4bAmbZ497MrmlhPw1jyePGtA=
-27,40,NPcthgK4PW4Tt31/0H4WGMcoDu4=,eXqRjMhSFnj612Md+wfjvjNfb9A=
-25,38,KwyJxld/+1L/y2NcMWB3cckpc00=,DZw4bAmbZ497MrmlhPw1jyePGtA=
-22,39,KwyJxld/+1L/y2NcMWB3cckpc00=,DZw4bAmbZ497MrmlhPw1jyePGtA=
-26,38,KwyJxld/+1L/y2NcMWB3cckpc00=,DZw4bAmbZ497MrmlhPw1jyePGtA=
-26,40,NPcthgK4PW4Tt31/0H4WGMcoDu4=,eXqRjMhSFnj612Md+wfjvjNfb9A=
-25,40,NPcthgK4PW4Tt31/0H4WGMcoDu4=,eXqRjMhSFnj612Md+wfjvjNfb9A=
-30,42,mMvd7PAOD/noaaQh4fu9ickYlTI=,eXqRjMhSFnj612Md+wfjvjNfb9A=
-32,42,mMvd7PAOD/noaaQh4fu9ickYlTI=,eXqRjMhSFnj612Md+wfjvjNfb9A=
-31,42,mMvd7PAOD/noaaQh4fu9ickYlTI=,eXqRjMhSFnj612Md+wfjvjNfb9A=
-32,38,KwyJxld/+1L/y2NcMWB3cckpc00=,DZw4bAmbZ497MrmlhPw1jyePGtA=
-31,37,KwyJxld/+1L/y2NcMWB3cckpc00=,DZw4bAmbZ497MrmlhPw1jyePGtA=
-32,37,KwyJxld/+1L/y2NcMWB3cckpc00=,DZw4bAmbZ497MrmlhPw1jyePGtA=
-31,38,KwyJxld/+1L/y2NcMWB3cckpc00=,DZw4bAmbZ497MrmlhPw1jyePGtA=
-30,41,mMvd7PAOD/noaaQh4fu9ickYlTI=,eXqRjMhSFnj612Md+wfjvjNfb9A=
-31,41,mMvd7PAOD/noaaQh4fu9ickYlTI=,eXqRjMhSFnj612Md+wfjvjNfb9A=
-32,41,mMvd7PAOD/noaaQh4fu9ickYlTI=,eXqRjMhSFnj612Md+wfjvjNfb9A=
-30,38,KwyJxld/+1L/y2NcMWB3cckpc00=,DZw4bAmbZ497MrmlhPw1jyePGtA=
-30,39,KwyJxld/+1L/y2NcMWB3cckpc00=,DZw4bAmbZ497MrmlhPw1jyePGtA=
-30,44,mMvd7PAOD/noaaQh4fu9ickYlTI=,eXqRjMhSFnj612Md+wfjvjNfb9A=
-30,37,KwyJxld/+1L/y2NcMWB3cckpc00=,DZw4bAmbZ497MrmlhPw1jyePGtA=
-31,44,mMvd7PAOD/noaaQh4fu9ickYlTI=,eXqRjMhSFnj612Md+wfjvjNfb9A=
-31,39,KwyJxld/+1L/y2NcMWB3cckpc00=,DZw4bAmbZ497MrmlhPw1jyePGtA=
-28,38,KwyJxld/+1L/y2NcMWB3cckpc00=,DZw4bAmbZ497MrmlhPw1jyePGtA=
-32,39,mHeaz+vGj2+UUHWc2bW0p7NVQY4=,DZw4bAmbZ497MrmlhPw1jyePGtA=
-30,43,mMvd7PAOD/noaaQh4fu9ickYlTI=,eXqRjMhSFnj612Md+wfjvjNfb9A=
-31,43,mMvd7PAOD/noaaQh4fu9ickYlTI=,eXqRjMhSFnj612Md+wfjvjNfb9A=
-30,40,mMvd7PAOD/noaaQh4fu9ickYlTI=,eXqRjMhSFnj612Md+wfjvjNfb9A=
-31,40,mMvd7PAOD/noaaQh4fu9ickYlTI=,eXqRjMhSFnj612Md+wfjvjNfb9A=
-32,40,mMvd7PAOD/noaaQh4fu9ickYlTI=,eXqRjMhSFnj612Md+wfjvjNfb9A=
-32,44,mMvd7PAOD/noaaQh4fu9ickYlTI=,eXqRjMhSFnj612Md+wfjvjNfb9A=
-32,43,mMvd7PAOD/noaaQh4fu9ickYlTI=,eXqRjMhSFnj612Md+wfjvjNfb9A=
-29,45,NPcthgK4PW4Tt31/0H4WGMcoDu4=,eXqRjMhSFnj612Md+wfjvjNfb9A=
-28,45,NPcthgK4PW4Tt31/0H4WGMcoDu4=,eXqRjMhSFnj612Md+wfjvjNfb9A=
-28,47,NPcthgK4PW4Tt31/0H4WGMcoDu4=,eXqRjMhSFnj612Md+wfjvjNfb9A=
-29,47,NPcthgK4PW4Tt31/0H4WGMcoDu4=,eXqRjMhSFnj612Md+wfjvjNfb9A=
-29,46,NPcthgK4PW4Tt31/0H4WGMcoDu4=,eXqRjMhSFnj612Md+wfjvjNfb9A=
-28,46,NPcthgK4PW4Tt31/0H4WGMcoDu4=,eXqRjMhSFnj612Md+wfjvjNfb9A=
-19,34,mHeaz+vGj2+UUHWc2bW0p7NVQY4=,DZw4bAmbZ497MrmlhPw1jyePGtA=
-18,34,mHeaz+vGj2+UUHWc2bW0p7NVQY4=,DZw4bAmbZ497MrmlhPw1jyePGtA=
-17,33,mHeaz+vGj2+UUHWc2bW0p7NVQY4=,DZw4bAmbZ497MrmlhPw1jyePGtA=
-18,33,mHeaz+vGj2+UUHWc2bW0p7NVQY4=,DZw4bAmbZ497MrmlhPw1jyePGtA=
-19,33,mHeaz+vGj2+UUHWc2bW0p7NVQY4=,DZw4bAmbZ497MrmlhPw1jyePGtA=
-17,36,mHeaz+vGj2+UUHWc2bW0p7NVQY4=,DZw4bAmbZ497MrmlhPw1jyePGtA=
-18,36,mHeaz+vGj2+UUHWc2bW0p7NVQY4=,DZw4bAmbZ497MrmlhPw1jyePGtA=
-19,36,mHeaz+vGj2+UUHWc2bW0p7NVQY4=,DZw4bAmbZ497MrmlhPw1jyePGtA=
-17,32,mHeaz+vGj2+UUHWc2bW0p7NVQY4=,DZw4bAmbZ497MrmlhPw1jyePGtA=
-18,32,mHeaz+vGj2+UUHWc2bW0p7NVQY4=,DZw4bAmbZ497MrmlhPw1jyePGtA=
-19,32,mHeaz+vGj2+UUHWc2bW0p7NVQY4=,DZw4bAmbZ497MrmlhPw1jyePGtA=
-17,35,mHeaz+vGj2+UUHWc2bW0p7NVQY4=,DZw4bAmbZ497MrmlhPw1jyePGtA=
-18,35,mHeaz+vGj2+UUHWc2bW0p7NVQY4=,DZw4bAmbZ497MrmlhPw1jyePGtA=
-19,35,mHeaz+vGj2+UUHWc2bW0p7NVQY4=,DZw4bAmbZ497MrmlhPw1jyePGtA=
-17,34,mHeaz+vGj2+UUHWc2bW0p7NVQY4=,DZw4bAmbZ497MrmlhPw1jyePGtA=
-19,37,mHeaz+vGj2+UUHWc2bW0p7NVQY4=,DZw4bAmbZ497MrmlhPw1jyePGtA=
-17,39,mHeaz+vGj2+UUHWc2bW0p7NVQY4=,DZw4bAmbZ497MrmlhPw1jyePGtA=
-18,39,mHeaz+vGj2+UUHWc2bW0p7NVQY4=,DZw4bAmbZ497MrmlhPw1jyePGtA=
-19,38,mHeaz+vGj2+UUHWc2bW0p7NVQY4=,DZw4bAmbZ497MrmlhPw1jyePGtA=
-18,38,mHeaz+vGj2+UUHWc2bW0p7NVQY4=,DZw4bAmbZ497MrmlhPw1jyePGtA=
-17,38,mHeaz+vGj2+UUHWc2bW0p7NVQY4=,DZw4bAmbZ497MrmlhPw1jyePGtA=
-17,37,mHeaz+vGj2+UUHWc2bW0p7NVQY4=,DZw4bAmbZ497MrmlhPw1jyePGtA=
-18,37,mHeaz+vGj2+UUHWc2bW0p7NVQY4=,DZw4bAmbZ497MrmlhPw1jyePGtA=
-31,46,mMvd7PAOD/noaaQh4fu9ickYlTI=,eXqRjMhSFnj612Md+wfjvjNfb9A=
-30,45,mMvd7PAOD/noaaQh4fu9ickYlTI=,eXqRjMhSFnj612Md+wfjvjNfb9A=
-31,45,mMvd7PAOD/noaaQh4fu9ickYlTI=,eXqRjMhSFnj612Md+wfjvjNfb9A=
-19,39,mHeaz+vGj2+UUHWc2bW0p7NVQY4=,DZw4bAmbZ497MrmlhPw1jyePGtA=
-30,47,mMvd7PAOD/noaaQh4fu9ickYlTI=,eXqRjMhSFnj612Md+wfjvjNfb9A=
-30,46,mMvd7PAOD/noaaQh4fu9ickYlTI=,eXqRjMhSFnj612Md+wfjvjNfb9A=
-32,47,mMvd7PAOD/noaaQh4fu9ickYlTI=,eXqRjMhSFnj612Md+wfjvjNfb9A=
-31,47,mMvd7PAOD/noaaQh4fu9ickYlTI=,eXqRjMhSFnj612Md+wfjvjNfb9A=
-32,45,mMvd7PAOD/noaaQh4fu9ickYlTI=,eXqRjMhSFnj612Md+wfjvjNfb9A=
-25,45,NPcthgK4PW4Tt31/0H4WGMcoDu4=,eXqRjMhSFnj612Md+wfjvjNfb9A=
-27,47,NPcthgK4PW4Tt31/0H4WGMcoDu4=,eXqRjMhSFnj612Md+wfjvjNfb9A=
-25,47,mMvd7PAOD/noaaQh4fu9ickYlTI=,eXqRjMhSFnj612Md+wfjvjNfb9A=
-25,46,NPcthgK4PW4Tt31/0H4WGMcoDu4=,eXqRjMhSFnj612Md+wfjvjNfb9A=
-26,46,NPcthgK4PW4Tt31/0H4WGMcoDu4=,eXqRjMhSFnj612Md+wfjvjNfb9A=
-27,45,NPcthgK4PW4Tt31/0H4WGMcoDu4=,eXqRjMhSFnj612Md+wfjvjNfb9A=
-27,46,mMvd7PAOD/noaaQh4fu9ickYlTI=,eXqRjMhSFnj612Md+wfjvjNfb9A=
-26,45,NPcthgK4PW4Tt31/0H4WGMcoDu4=,eXqRjMhSFnj612Md+wfjvjNfb9A=
-26,47,NPcthgK4PW4Tt31/0H4WGMcoDu4=,eXqRjMhSFnj612Md+wfjvjNfb9A=
-32,46,mMvd7PAOD/noaaQh4fu9ickYlTI=,eXqRjMhSFnj612Md+wfjvjNfb9A=
-31,34,bOmwPmCsK7DiUDa24oi548Uy9ZU=,DZw4bAmbZ497MrmlhPw1jyePGtA=
-25,33,bOmwPmCsK7DiUDa24oi548Uy9ZU=,DZw4bAmbZ497MrmlhPw1jyePGtA=
-32,34,bOmwPmCsK7DiUDa24oi548Uy9ZU=,DZw4bAmbZ497MrmlhPw1jyePGtA=
-22,34,bOmwPmCsK7DiUDa24oi548Uy9ZU=,DZw4bAmbZ497MrmlhPw1jyePGtA=
-26,33,bOmwPmCsK7DiUDa24oi548Uy9ZU=,DZw4bAmbZ497MrmlhPw1jyePGtA=
-25,32,bOmwPmCsK7DiUDa24oi548Uy9ZU=,DZw4bAmbZ497MrmlhPw1jyePGtA=
-24,34,bOmwPmCsK7DiUDa24oi548Uy9ZU=,DZw4bAmbZ497MrmlhPw1jyePGtA=
-23,34,bOmwPmCsK7DiUDa24oi548Uy9ZU=,DZw4bAmbZ497MrmlhPw1jyePGtA=
-28,33,bOmwPmCsK7DiUDa24oi548Uy9ZU=,DZw4bAmbZ497MrmlhPw1jyePGtA=
-29,33,bOmwPmCsK7DiUDa24oi548Uy9ZU=,DZw4bAmbZ497MrmlhPw1jyePGtA=
-30,33,bOmwPmCsK7DiUDa24oi548Uy9ZU=,DZw4bAmbZ497MrmlhPw1jyePGtA=
-27,32,bOmwPmCsK7DiUDa24oi548Uy9ZU=,DZw4bAmbZ497MrmlhPw1jyePGtA=
-25,34,bOmwPmCsK7DiUDa24oi548Uy9ZU=,DZw4bAmbZ497MrmlhPw1jyePGtA=
-31,33,bOmwPmCsK7DiUDa24oi548Uy9ZU=,DZw4bAmbZ497MrmlhPw1jyePGtA=
-26,34,bOmwPmCsK7DiUDa24oi548Uy9ZU=,DZw4bAmbZ497MrmlhPw1jyePGtA=
-22,33,bOmwPmCsK7DiUDa24oi548Uy9ZU=,DZw4bAmbZ497MrmlhPw1jyePGtA=
-23,33,bOmwPmCsK7DiUDa24oi548Uy9ZU=,DZw4bAmbZ497MrmlhPw1jyePGtA=
-28,32,bOmwPmCsK7DiUDa24oi548Uy9ZU=,DZw4bAmbZ497MrmlhPw1jyePGtA=
-24,33,bOmwPmCsK7DiUDa24oi548Uy9ZU=,DZw4bAmbZ497MrmlhPw1jyePGtA=
-27,34,bOmwPmCsK7DiUDa24oi548Uy9ZU=,DZw4bAmbZ497MrmlhPw1jyePGtA=
-29,32,bOmwPmCsK7DiUDa24oi548Uy9ZU=,DZw4bAmbZ497MrmlhPw1jyePGtA=
-26,32,bOmwPmCsK7DiUDa24oi548Uy9ZU=,DZw4bAmbZ497MrmlhPw1jyePGtA=
-22,32,bOmwPmCsK7DiUDa24oi548Uy9ZU=,DZw4bAmbZ497MrmlhPw1jyePGtA=
-28,34,bOmwPmCsK7DiUDa24oi548Uy9ZU=,DZw4bAmbZ497MrmlhPw1jyePGtA=
-23,32,bOmwPmCsK7DiUDa24oi548Uy9ZU=,DZw4bAmbZ497MrmlhPw1jyePGtA=
-30,32,bOmwPmCsK7DiUDa24oi548Uy9ZU=,DZw4bAmbZ497MrmlhPw1jyePGtA=
-30,34,bOmwPmCsK7DiUDa24oi548Uy9ZU=,DZw4bAmbZ497MrmlhPw1jyePGtA=
-24,32,bOmwPmCsK7DiUDa24oi548Uy9ZU=,DZw4bAmbZ497MrmlhPw1jyePGtA=
-29,34,bOmwPmCsK7DiUDa24oi548Uy9ZU=,DZw4bAmbZ497MrmlhPw1jyePGtA=
-31,32,bOmwPmCsK7DiUDa24oi548Uy9ZU=,DZw4bAmbZ497MrmlhPw1jyePGtA=
-32,32,bOmwPmCsK7DiUDa24oi548Uy9ZU=,DZw4bAmbZ497MrmlhPw1jyePGtA=
-32,33,bOmwPmCsK7DiUDa24oi548Uy9ZU=,DZw4bAmbZ497MrmlhPw1jyePGtA=
-27,33,bOmwPmCsK7DiUDa24oi548Uy9ZU=,DZw4bAmbZ497MrmlhPw1jyePGtA=
-29,60,sbr75TZPnDpO/xPOvQ8TsaMXzfA=,eXqRjMhSFnj612Md+wfjvjNfb9A=
-28,60,sbr75TZPnDpO/xPOvQ8TsaMXzfA=,eXqRjMhSFnj612Md+wfjvjNfb9A=
-29,59,sbr75TZPnDpO/xPOvQ8TsaMXzfA=,eXqRjMhSFnj612Md+wfjvjNfb9A=
-28,59,sbr75TZPnDpO/xPOvQ8TsaMXzfA=,eXqRjMhSFnj612Md+wfjvjNfb9A=
-27,59,sbr75TZPnDpO/xPOvQ8TsaMXzfA=,eXqRjMhSFnj612Md+wfjvjNfb9A=
-25,60,sbr75TZPnDpO/xPOvQ8TsaMXzfA=,eXqRjMhSFnj612Md+wfjvjNfb9A=
-26,60,sbr75TZPnDpO/xPOvQ8TsaMXzfA=,eXqRjMhSFnj612Md+wfjvjNfb9A=
-27,60,sbr75TZPnDpO/xPOvQ8TsaMXzfA=,eXqRjMhSFnj612Md+wfjvjNfb9A=
-25,59,sbr75TZPnDpO/xPOvQ8TsaMXzfA=,eXqRjMhSFnj612Md+wfjvjNfb9A=
-26,59,sbr75TZPnDpO/xPOvQ8TsaMXzfA=,eXqRjMhSFnj612Md+wfjvjNfb9A=
-29,61,sbr75TZPnDpO/xPOvQ8TsaMXzfA=,eXqRjMhSFnj612Md+wfjvjNfb9A=
-28,63,sbr75TZPnDpO/xPOvQ8TsaMXzfA=,eXqRjMhSFnj612Md+wfjvjNfb9A=
-28,61,sbr75TZPnDpO/xPOvQ8TsaMXzfA=,eXqRjMhSFnj612Md+wfjvjNfb9A=
-29,63,sbr75TZPnDpO/xPOvQ8TsaMXzfA=,eXqRjMhSFnj612Md+wfjvjNfb9A=
-29,62,sbr75TZPnDpO/xPOvQ8TsaMXzfA=,eXqRjMhSFnj612Md+wfjvjNfb9A=
-28,62,sbr75TZPnDpO/xPOvQ8TsaMXzfA=,eXqRjMhSFnj612Md+wfjvjNfb9A=
-26,61,sbr75TZPnDpO/xPOvQ8TsaMXzfA=,eXqRjMhSFnj612Md+wfjvjNfb9A=
-25,61,sbr75TZPnDpO/xPOvQ8TsaMXzfA=,eXqRjMhSFnj612Md+wfjvjNfb9A=
-27,62,sbr75TZPnDpO/xPOvQ8TsaMXzfA=,eXqRjMhSFnj612Md+wfjvjNfb9A=
-25,63,sbr75TZPnDpO/xPOvQ8TsaMXzfA=,eXqRjMhSFnj612Md+wfjvjNfb9A=
-26,63,sbr75TZPnDpO/xPOvQ8TsaMXzfA=,eXqRjMhSFnj612Md+wfjvjNfb9A=
-26,62,sbr75TZPnDpO/xPOvQ8TsaMXzfA=,eXqRjMhSFnj612Md+wfjvjNfb9A=
-27,63,sbr75TZPnDpO/xPOvQ8TsaMXzfA=,eXqRjMhSFnj612Md+wfjvjNfb9A=
-25,62,sbr75TZPnDpO/xPOvQ8TsaMXzfA=,eXqRjMhSFnj612Md+wfjvjNfb9A=
-27,61,sbr75TZPnDpO/xPOvQ8TsaMXzfA=,eXqRjMhSFnj612Md+wfjvjNfb9A=
-25,48,a+FqwHcdRuJpM/GZE7CEt3T5ey4=,eXqRjMhSFnj612Md+wfjvjNfb9A=
-25,54,a+FqwHcdRuJpM/GZE7CEt3T5ey4=,eXqRjMhSFnj612Md+wfjvjNfb9A=
-25,53,a+FqwHcdRuJpM/GZE7CEt3T5ey4=,eXqRjMhSFnj612Md+wfjvjNfb9A=
-29,50,a+FqwHcdRuJpM/GZE7CEt3T5ey4=,eXqRjMhSFnj612Md+wfjvjNfb9A=
-26,53,a+FqwHcdRuJpM/GZE7CEt3T5ey4=,eXqRjMhSFnj612Md+wfjvjNfb9A=
-28,50,a+FqwHcdRuJpM/GZE7CEt3T5ey4=,eXqRjMhSFnj612Md+wfjvjNfb9A=
-26,54,a+FqwHcdRuJpM/GZE7CEt3T5ey4=,eXqRjMhSFnj612Md+wfjvjNfb9A=
-27,50,a+FqwHcdRuJpM/GZE7CEt3T5ey4=,eXqRjMhSFnj612Md+wfjvjNfb9A=
-27,53,a+FqwHcdRuJpM/GZE7CEt3T5ey4=,eXqRjMhSFnj612Md+wfjvjNfb9A=
-26,50,a+FqwHcdRuJpM/GZE7CEt3T5ey4=,eXqRjMhSFnj612Md+wfjvjNfb9A=
-25,52,a+FqwHcdRuJpM/GZE7CEt3T5ey4=,eXqRjMhSFnj612Md+wfjvjNfb9A=
-29,55,a+FqwHcdRuJpM/GZE7CEt3T5ey4=,eXqRjMhSFnj612Md+wfjvjNfb9A=
-25,57,a+FqwHcdRuJpM/GZE7CEt3T5ey4=,eXqRjMhSFnj612Md+wfjvjNfb9A=
-28,55,a+FqwHcdRuJpM/GZE7CEt3T5ey4=,eXqRjMhSFnj612Md+wfjvjNfb9A=
-26,48,a+FqwHcdRuJpM/GZE7CEt3T5ey4=,eXqRjMhSFnj612Md+wfjvjNfb9A=
-27,55,a+FqwHcdRuJpM/GZE7CEt3T5ey4=,eXqRjMhSFnj612Md+wfjvjNfb9A=
-26,57,a+FqwHcdRuJpM/GZE7CEt3T5ey4=,eXqRjMhSFnj612Md+wfjvjNfb9A=
-26,55,a+FqwHcdRuJpM/GZE7CEt3T5ey4=,eXqRjMhSFnj612Md+wfjvjNfb9A=
-27,48,a+FqwHcdRuJpM/GZE7CEt3T5ey4=,eXqRjMhSFnj612Md+wfjvjNfb9A=
-29,58,a+FqwHcdRuJpM/GZE7CEt3T5ey4=,eXqRjMhSFnj612Md+wfjvjNfb9A=
-27,57,a+FqwHcdRuJpM/GZE7CEt3T5ey4=,eXqRjMhSFnj612Md+wfjvjNfb9A=
-29,52,a+FqwHcdRuJpM/GZE7CEt3T5ey4=,eXqRjMhSFnj612Md+wfjvjNfb9A=
-28,57,a+FqwHcdRuJpM/GZE7CEt3T5ey4=,eXqRjMhSFnj612Md+wfjvjNfb9A=
-25,50,a+FqwHcdRuJpM/GZE7CEt3T5ey4=,eXqRjMhSFnj612Md+wfjvjNfb9A=
-29,57,a+FqwHcdRuJpM/GZE7CEt3T5ey4=,eXqRjMhSFnj612Md+wfjvjNfb9A=
-29,54,a+FqwHcdRuJpM/GZE7CEt3T5ey4=,eXqRjMhSFnj612Md+wfjvjNfb9A=
-28,48,a+FqwHcdRuJpM/GZE7CEt3T5ey4=,eXqRjMhSFnj612Md+wfjvjNfb9A=
-25,55,a+FqwHcdRuJpM/GZE7CEt3T5ey4=,eXqRjMhSFnj612Md+wfjvjNfb9A=
-25,49,a+FqwHcdRuJpM/GZE7CEt3T5ey4=,eXqRjMhSFnj612Md+wfjvjNfb9A=
-28,58,a+FqwHcdRuJpM/GZE7CEt3T5ey4=,eXqRjMhSFnj612Md+wfjvjNfb9A=
-25,51,a+FqwHcdRuJpM/GZE7CEt3T5ey4=,eXqRjMhSFnj612Md+wfjvjNfb9A=
-29,51,a+FqwHcdRuJpM/GZE7CEt3T5ey4=,eXqRjMhSFnj612Md+wfjvjNfb9A=
-25,56,a+FqwHcdRuJpM/GZE7CEt3T5ey4=,eXqRjMhSFnj612Md+wfjvjNfb9A=
-28,51,a+FqwHcdRuJpM/GZE7CEt3T5ey4=,eXqRjMhSFnj612Md+wfjvjNfb9A=
-26,52,a+FqwHcdRuJpM/GZE7CEt3T5ey4=,eXqRjMhSFnj612Md+wfjvjNfb9A=
-29,48,a+FqwHcdRuJpM/GZE7CEt3T5ey4=,eXqRjMhSFnj612Md+wfjvjNfb9A=
-27,54,a+FqwHcdRuJpM/GZE7CEt3T5ey4=,eXqRjMhSFnj612Md+wfjvjNfb9A=
-28,52,a+FqwHcdRuJpM/GZE7CEt3T5ey4=,eXqRjMhSFnj612Md+wfjvjNfb9A=
-28,54,a+FqwHcdRuJpM/GZE7CEt3T5ey4=,eXqRjMhSFnj612Md+wfjvjNfb9A=
-27,58,a+FqwHcdRuJpM/GZE7CEt3T5ey4=,eXqRjMhSFnj612Md+wfjvjNfb9A=
-26,49,a+FqwHcdRuJpM/GZE7CEt3T5ey4=,eXqRjMhSFnj612Md+wfjvjNfb9A=
-26,58,a+FqwHcdRuJpM/GZE7CEt3T5ey4=,eXqRjMhSFnj612Md+wfjvjNfb9A=
-28,53,a+FqwHcdRuJpM/GZE7CEt3T5ey4=,eXqRjMhSFnj612Md+wfjvjNfb9A=
-29,53,a+FqwHcdRuJpM/GZE7CEt3T5ey4=,eXqRjMhSFnj612Md+wfjvjNfb9A=
-27,52,a+FqwHcdRuJpM/GZE7CEt3T5ey4=,eXqRjMhSFnj612Md+wfjvjNfb9A=
-29,56,a+FqwHcdRuJpM/GZE7CEt3T5ey4=,eXqRjMhSFnj612Md+wfjvjNfb9A=
-27,49,a+FqwHcdRuJpM/GZE7CEt3T5ey4=,eXqRjMhSFnj612Md+wfjvjNfb9A=
-29,49,a+FqwHcdRuJpM/GZE7CEt3T5ey4=,eXqRjMhSFnj612Md+wfjvjNfb9A=
-28,49,a+FqwHcdRuJpM/GZE7CEt3T5ey4=,eXqRjMhSFnj612Md+wfjvjNfb9A=
-28,56,a+FqwHcdRuJpM/GZE7CEt3T5ey4=,eXqRjMhSFnj612Md+wfjvjNfb9A=
-25,58,i+JwXd0hyXu6YuInJNAjLh5vPIs=,eXqRjMhSFnj612Md+wfjvjNfb9A=
-26,56,a+FqwHcdRuJpM/GZE7CEt3T5ey4=,eXqRjMhSFnj612Md+wfjvjNfb9A=
-27,51,a+FqwHcdRuJpM/GZE7CEt3T5ey4=,eXqRjMhSFnj612Md+wfjvjNfb9A=
-27,56,a+FqwHcdRuJpM/GZE7CEt3T5ey4=,eXqRjMhSFnj612Md+wfjvjNfb9A=
-26,51,a+FqwHcdRuJpM/GZE7CEt3T5ey4=,eXqRjMhSFnj612Md+wfjvjNfb9A=
-30,60,sbr75TZPnDpO/xPOvQ8TsaMXzfA=,eXqRjMhSFnj612Md+wfjvjNfb9A=
-31,60,sbr75TZPnDpO/xPOvQ8TsaMXzfA=,eXqRjMhSFnj612Md+wfjvjNfb9A=
-30,59,sbr75TZPnDpO/xPOvQ8TsaMXzfA=,eXqRjMhSFnj612Md+wfjvjNfb9A=
-32,61,sbr75TZPnDpO/xPOvQ8TsaMXzfA=,eXqRjMhSFnj612Md+wfjvjNfb9A=
-32,60,sbr75TZPnDpO/xPOvQ8TsaMXzfA=,eXqRjMhSFnj612Md+wfjvjNfb9A=
-31,59,sbr75TZPnDpO/xPOvQ8TsaMXzfA=,eXqRjMhSFnj612Md+wfjvjNfb9A=
-32,59,sbr75TZPnDpO/xPOvQ8TsaMXzfA=,eXqRjMhSFnj612Md+wfjvjNfb9A=
-30,61,sbr75TZPnDpO/xPOvQ8TsaMXzfA=,eXqRjMhSFnj612Md+wfjvjNfb9A=
-30,63,sbr75TZPnDpO/xPOvQ8TsaMXzfA=,eXqRjMhSFnj612Md+wfjvjNfb9A=
-31,63,sbr75TZPnDpO/xPOvQ8TsaMXzfA=,eXqRjMhSFnj612Md+wfjvjNfb9A=
-32,63,sbr75TZPnDpO/xPOvQ8TsaMXzfA=,eXqRjMhSFnj612Md+wfjvjNfb9A=
-31,61,sbr75TZPnDpO/xPOvQ8TsaMXzfA=,eXqRjMhSFnj612Md+wfjvjNfb9A=
-30,62,sbr75TZPnDpO/xPOvQ8TsaMXzfA=,eXqRjMhSFnj612Md+wfjvjNfb9A=
-31,62,sbr75TZPnDpO/xPOvQ8TsaMXzfA=,eXqRjMhSFnj612Md+wfjvjNfb9A=
-32,62,sbr75TZPnDpO/xPOvQ8TsaMXzfA=,eXqRjMhSFnj612Md+wfjvjNfb9A=
-32,55,a+FqwHcdRuJpM/GZE7CEt3T5ey4=,eXqRjMhSFnj612Md+wfjvjNfb9A=
-32,58,a+FqwHcdRuJpM/GZE7CEt3T5ey4=,eXqRjMhSFnj612Md+wfjvjNfb9A=
-30,54,a+FqwHcdRuJpM/GZE7CEt3T5ey4=,eXqRjMhSFnj612Md+wfjvjNfb9A=
-32,54,a+FqwHcdRuJpM/GZE7CEt3T5ey4=,eXqRjMhSFnj612Md+wfjvjNfb9A=
-31,50,a+FqwHcdRuJpM/GZE7CEt3T5ey4=,eXqRjMhSFnj612Md+wfjvjNfb9A=
-32,53,a+FqwHcdRuJpM/GZE7CEt3T5ey4=,eXqRjMhSFnj612Md+wfjvjNfb9A=
-31,57,a+FqwHcdRuJpM/GZE7CEt3T5ey4=,eXqRjMhSFnj612Md+wfjvjNfb9A=
-30,57,a+FqwHcdRuJpM/GZE7CEt3T5ey4=,eXqRjMhSFnj612Md+wfjvjNfb9A=
-32,57,a+FqwHcdRuJpM/GZE7CEt3T5ey4=,eXqRjMhSFnj612Md+wfjvjNfb9A=
-30,49,a+FqwHcdRuJpM/GZE7CEt3T5ey4=,eXqRjMhSFnj612Md+wfjvjNfb9A=
-30,53,a+FqwHcdRuJpM/GZE7CEt3T5ey4=,eXqRjMhSFnj612Md+wfjvjNfb9A=
-31,49,a+FqwHcdRuJpM/GZE7CEt3T5ey4=,eXqRjMhSFnj612Md+wfjvjNfb9A=
-30,51,a+FqwHcdRuJpM/GZE7CEt3T5ey4=,eXqRjMhSFnj612Md+wfjvjNfb9A=
-30,56,a+FqwHcdRuJpM/GZE7CEt3T5ey4=,eXqRjMhSFnj612Md+wfjvjNfb9A=
-31,56,a+FqwHcdRuJpM/GZE7CEt3T5ey4=,eXqRjMhSFnj612Md+wfjvjNfb9A=
-32,56,a+FqwHcdRuJpM/GZE7CEt3T5ey4=,eXqRjMhSFnj612Md+wfjvjNfb9A=
-31,51,a+FqwHcdRuJpM/GZE7CEt3T5ey4=,eXqRjMhSFnj612Md+wfjvjNfb9A=
-30,48,a+FqwHcdRuJpM/GZE7CEt3T5ey4=,eXqRjMhSFnj612Md+wfjvjNfb9A=
-30,58,a+FqwHcdRuJpM/GZE7CEt3T5ey4=,eXqRjMhSFnj612Md+wfjvjNfb9A=
-30,52,a+FqwHcdRuJpM/GZE7CEt3T5ey4=,eXqRjMhSFnj612Md+wfjvjNfb9A=
-31,58,a+FqwHcdRuJpM/GZE7CEt3T5ey4=,eXqRjMhSFnj612Md+wfjvjNfb9A=
-30,55,a+FqwHcdRuJpM/GZE7CEt3T5ey4=,eXqRjMhSFnj612Md+wfjvjNfb9A=
-31,55,a+FqwHcdRuJpM/GZE7CEt3T5ey4=,eXqRjMhSFnj612Md+wfjvjNfb9A=
-31,52,a+FqwHcdRuJpM/GZE7CEt3T5ey4=,eXqRjMhSFnj612Md+wfjvjNfb9A=
-30,50,a+FqwHcdRuJpM/GZE7CEt3T5ey4=,eXqRjMhSFnj612Md+wfjvjNfb9A=
-31,48,a+FqwHcdRuJpM/GZE7CEt3T5ey4=,eXqRjMhSFnj612Md+wfjvjNfb9A=
-32,48,a+FqwHcdRuJpM/GZE7CEt3T5ey4=,eXqRjMhSFnj612Md+wfjvjNfb9A=
-31,54,a+FqwHcdRuJpM/GZE7CEt3T5ey4=,eXqRjMhSFnj612Md+wfjvjNfb9A=
-32,49,a+FqwHcdRuJpM/GZE7CEt3T5ey4=,eXqRjMhSFnj612Md+wfjvjNfb9A=
-32,51,a+FqwHcdRuJpM/GZE7CEt3T5ey4=,eXqRjMhSFnj612Md+wfjvjNfb9A=
-32,52,a+FqwHcdRuJpM/GZE7CEt3T5ey4=,eXqRjMhSFnj612Md+wfjvjNfb9A=
-32,50,a+FqwHcdRuJpM/GZE7CEt3T5ey4=,eXqRjMhSFnj612Md+wfjvjNfb9A=
-31,53,a+FqwHcdRuJpM/GZE7CEt3T5ey4=,eXqRjMhSFnj612Md+wfjvjNfb9A=
-12,59,SVDdLMlTAyjKP/JFeAiv+T8whBA=,Boj1/74Hsc7TTCD8zJF8N5TP3YY=
-13,60,SVDdLMlTAyjKP/JFeAiv+T8whBA=,Boj1/74Hsc7TTCD8zJF8N5TP3YY=
-13,59,SVDdLMlTAyjKP/JFeAiv+T8whBA=,Boj1/74Hsc7TTCD8zJF8N5TP3YY=
-12,60,SVDdLMlTAyjKP/JFeAiv+T8whBA=,Boj1/74Hsc7TTCD8zJF8N5TP3YY=
-10,60,5HO3c9qPFZ0npLtIKYePrhkG3PI=,Boj1/74Hsc7TTCD8zJF8N5TP3YY=
-5,59,5HO3c9qPFZ0npLtIKYePrhkG3PI=,/Rqm/7pxt3ua60qOoCDKLasxldg=
-6,59,5HO3c9qPFZ0npLtIKYePrhkG3PI=,/Rqm/7pxt3ua60qOoCDKLasxldg=
-11,60,5HO3c9qPFZ0npLtIKYePrhkG3PI=,Boj1/74Hsc7TTCD8zJF8N5TP3YY=
-9,60,5HO3c9qPFZ0npLtIKYePrhkG3PI=,Boj1/74Hsc7TTCD8zJF8N5TP3YY=
-7,59,5HO3c9qPFZ0npLtIKYePrhkG3PI=,/Rqm/7pxt3ua60qOoCDKLasxldg=
-8,59,5HO3c9qPFZ0npLtIKYePrhkG3PI=,/Rqm/7pxt3ua60qOoCDKLasxldg=
-9,59,5HO3c9qPFZ0npLtIKYePrhkG3PI=,Boj1/74Hsc7TTCD8zJF8N5TP3YY=
-10,59,5HO3c9qPFZ0npLtIKYePrhkG3PI=,Boj1/74Hsc7TTCD8zJF8N5TP3YY=
-11,59,5HO3c9qPFZ0npLtIKYePrhkG3PI=,Boj1/74Hsc7TTCD8zJF8N5TP3YY=
-4,60,5HO3c9qPFZ0npLtIKYePrhkG3PI=,/Rqm/7pxt3ua60qOoCDKLasxldg=
-5,60,5HO3c9qPFZ0npLtIKYePrhkG3PI=,/Rqm/7pxt3ua60qOoCDKLasxldg=
-6,60,5HO3c9qPFZ0npLtIKYePrhkG3PI=,/Rqm/7pxt3ua60qOoCDKLasxldg=
-7,60,5HO3c9qPFZ0npLtIKYePrhkG3PI=,/Rqm/7pxt3ua60qOoCDKLasxldg=
-4,59,5HO3c9qPFZ0npLtIKYePrhkG3PI=,/Rqm/7pxt3ua60qOoCDKLasxldg=
-8,60,5HO3c9qPFZ0npLtIKYePrhkG3PI=,/Rqm/7pxt3ua60qOoCDKLasxldg=
-3,59,a3saxCkrPs5ceymFNCbdXKb26Gg=,/Rqm/7pxt3ua60qOoCDKLasxldg=
-2,60,a3saxCkrPs5ceymFNCbdXKb26Gg=,/Rqm/7pxt3ua60qOoCDKLasxldg=
-1,60,a3saxCkrPs5ceymFNCbdXKb26Gg=,/Rqm/7pxt3ua60qOoCDKLasxldg=
-3,60,a3saxCkrPs5ceymFNCbdXKb26Gg=,/Rqm/7pxt3ua60qOoCDKLasxldg=
-1,59,a3saxCkrPs5ceymFNCbdXKb26Gg=,/Rqm/7pxt3ua60qOoCDKLasxldg=
-2,59,a3saxCkrPs5ceymFNCbdXKb26Gg=,/Rqm/7pxt3ua60qOoCDKLasxldg=
-15,59,qTRer6zuai+KK4Gioihii7rguOw=,Boj1/74Hsc7TTCD8zJF8N5TP3YY=
-14,59,qTRer6zuai+KK4Gioihii7rguOw=,Boj1/74Hsc7TTCD8zJF8N5TP3YY=
-16,59,qTRer6zuai+KK4Gioihii7rguOw=,Boj1/74Hsc7TTCD8zJF8N5TP3YY=
-15,60,qTRer6zuai+KK4Gioihii7rguOw=,Boj1/74Hsc7TTCD8zJF8N5TP3YY=
-14,60,qTRer6zuai+KK4Gioihii7rguOw=,Boj1/74Hsc7TTCD8zJF8N5TP3YY=
-16,60,qTRer6zuai+KK4Gioihii7rguOw=,Boj1/74Hsc7TTCD8zJF8N5TP3YY=
-16,63,BNKFmX5J8pnez1RYtRKrGBPjVSQ=,Boj1/74Hsc7TTCD8zJF8N5TP3YY=
-15,62,BNKFmX5J8pnez1RYtRKrGBPjVSQ=,Boj1/74Hsc7TTCD8zJF8N5TP3YY=
-16,62,BNKFmX5J8pnez1RYtRKrGBPjVSQ=,Boj1/74Hsc7TTCD8zJF8N5TP3YY=
-12,61,BNKFmX5J8pnez1RYtRKrGBPjVSQ=,Boj1/74Hsc7TTCD8zJF8N5TP3YY=
-13,61,BNKFmX5J8pnez1RYtRKrGBPjVSQ=,Boj1/74Hsc7TTCD8zJF8N5TP3YY=
-14,61,BNKFmX5J8pnez1RYtRKrGBPjVSQ=,Boj1/74Hsc7TTCD8zJF8N5TP3YY=
-15,61,BNKFmX5J8pnez1RYtRKrGBPjVSQ=,Boj1/74Hsc7TTCD8zJF8N5TP3YY=
-16,61,BNKFmX5J8pnez1RYtRKrGBPjVSQ=,Boj1/74Hsc7TTCD8zJF8N5TP3YY=
-13,63,BNKFmX5J8pnez1RYtRKrGBPjVSQ=,Boj1/74Hsc7TTCD8zJF8N5TP3YY=
-12,63,BNKFmX5J8pnez1RYtRKrGBPjVSQ=,Boj1/74Hsc7TTCD8zJF8N5TP3YY=
-14,63,BNKFmX5J8pnez1RYtRKrGBPjVSQ=,Boj1/74Hsc7TTCD8zJF8N5TP3YY=
-12,62,BNKFmX5J8pnez1RYtRKrGBPjVSQ=,Boj1/74Hsc7TTCD8zJF8N5TP3YY=
-13,62,BNKFmX5J8pnez1RYtRKrGBPjVSQ=,Boj1/74Hsc7TTCD8zJF8N5TP3YY=
-14,62,BNKFmX5J8pnez1RYtRKrGBPjVSQ=,Boj1/74Hsc7TTCD8zJF8N5TP3YY=
-15,63,BNKFmX5J8pnez1RYtRKrGBPjVSQ=,Boj1/74Hsc7TTCD8zJF8N5TP3YY=
-9,61,BNKFmX5J8pnez1RYtRKrGBPjVSQ=,Boj1/74Hsc7TTCD8zJF8N5TP3YY=
-10,63,BNKFmX5J8pnez1RYtRKrGBPjVSQ=,Boj1/74Hsc7TTCD8zJF8N5TP3YY=
-9,63,BNKFmX5J8pnez1RYtRKrGBPjVSQ=,Boj1/74Hsc7TTCD8zJF8N5TP3YY=
-8,61,BNKFmX5J8pnez1RYtRKrGBPjVSQ=,/Rqm/7pxt3ua60qOoCDKLasxldg=
-7,61,BNKFmX5J8pnez1RYtRKrGBPjVSQ=,/Rqm/7pxt3ua60qOoCDKLasxldg=
-6,61,BNKFmX5J8pnez1RYtRKrGBPjVSQ=,/Rqm/7pxt3ua60qOoCDKLasxldg=
-5,61,BNKFmX5J8pnez1RYtRKrGBPjVSQ=,/Rqm/7pxt3ua60qOoCDKLasxldg=
-4,61,BNKFmX5J8pnez1RYtRKrGBPjVSQ=,/Rqm/7pxt3ua60qOoCDKLasxldg=
-8,62,BNKFmX5J8pnez1RYtRKrGBPjVSQ=,/Rqm/7pxt3ua60qOoCDKLasxldg=
-7,62,BNKFmX5J8pnez1RYtRKrGBPjVSQ=,/Rqm/7pxt3ua60qOoCDKLasxldg=
-6,62,BNKFmX5J8pnez1RYtRKrGBPjVSQ=,/Rqm/7pxt3ua60qOoCDKLasxldg=
-5,62,BNKFmX5J8pnez1RYtRKrGBPjVSQ=,/Rqm/7pxt3ua60qOoCDKLasxldg=
-4,62,BNKFmX5J8pnez1RYtRKrGBPjVSQ=,/Rqm/7pxt3ua60qOoCDKLasxldg=
-8,63,BNKFmX5J8pnez1RYtRKrGBPjVSQ=,/Rqm/7pxt3ua60qOoCDKLasxldg=
-7,63,BNKFmX5J8pnez1RYtRKrGBPjVSQ=,/Rqm/7pxt3ua60qOoCDKLasxldg=
-5,63,BNKFmX5J8pnez1RYtRKrGBPjVSQ=,/Rqm/7pxt3ua60qOoCDKLasxldg=
-4,63,BNKFmX5J8pnez1RYtRKrGBPjVSQ=,/Rqm/7pxt3ua60qOoCDKLasxldg=
-11,62,BNKFmX5J8pnez1RYtRKrGBPjVSQ=,Boj1/74Hsc7TTCD8zJF8N5TP3YY=
-10,62,BNKFmX5J8pnez1RYtRKrGBPjVSQ=,Boj1/74Hsc7TTCD8zJF8N5TP3YY=
-9,62,BNKFmX5J8pnez1RYtRKrGBPjVSQ=,Boj1/74Hsc7TTCD8zJF8N5TP3YY=
-11,61,BNKFmX5J8pnez1RYtRKrGBPjVSQ=,Boj1/74Hsc7TTCD8zJF8N5TP3YY=
-11,63,BNKFmX5J8pnez1RYtRKrGBPjVSQ=,Boj1/74Hsc7TTCD8zJF8N5TP3YY=
-10,61,BNKFmX5J8pnez1RYtRKrGBPjVSQ=,Boj1/74Hsc7TTCD8zJF8N5TP3YY=
-6,63,BNKFmX5J8pnez1RYtRKrGBPjVSQ=,/Rqm/7pxt3ua60qOoCDKLasxldg=
-1,63,hMAiCQrYtAF2CdgCO2IuWizR5us=,/Rqm/7pxt3ua60qOoCDKLasxldg=
-2,63,hMAiCQrYtAF2CdgCO2IuWizR5us=,/Rqm/7pxt3ua60qOoCDKLasxldg=
-3,63,hMAiCQrYtAF2CdgCO2IuWizR5us=,/Rqm/7pxt3ua60qOoCDKLasxldg=
-1,62,hMAiCQrYtAF2CdgCO2IuWizR5us=,/Rqm/7pxt3ua60qOoCDKLasxldg=
-2,62,hMAiCQrYtAF2CdgCO2IuWizR5us=,/Rqm/7pxt3ua60qOoCDKLasxldg=
-3,62,hMAiCQrYtAF2CdgCO2IuWizR5us=,/Rqm/7pxt3ua60qOoCDKLasxldg=
-1,61,hMAiCQrYtAF2CdgCO2IuWizR5us=,/Rqm/7pxt3ua60qOoCDKLasxldg=
-2,61,hMAiCQrYtAF2CdgCO2IuWizR5us=,/Rqm/7pxt3ua60qOoCDKLasxldg=
-3,61,hMAiCQrYtAF2CdgCO2IuWizR5us=,/Rqm/7pxt3ua60qOoCDKLasxldg=
-13,58,xgUu7jNthdYKy+WCW/PHcexokg0=,Boj1/74Hsc7TTCD8zJF8N5TP3YY=
-15,58,xgUu7jNthdYKy+WCW/PHcexokg0=,Boj1/74Hsc7TTCD8zJF8N5TP3YY=
-16,58,xgUu7jNthdYKy+WCW/PHcexokg0=,Boj1/74Hsc7TTCD8zJF8N5TP3YY=
-13,55,1pCINEMmlFltZGXcGf5tsxWKVnw=,ocWg49QO3gEZyVKLkeBCMotEb5E=
-13,52,1pCINEMmlFltZGXcGf5tsxWKVnw=,ocWg49QO3gEZyVKLkeBCMotEb5E=
-14,55,1pCINEMmlFltZGXcGf5tsxWKVnw=,ocWg49QO3gEZyVKLkeBCMotEb5E=
-15,55,1pCINEMmlFltZGXcGf5tsxWKVnw=,ocWg49QO3gEZyVKLkeBCMotEb5E=
-14,52,1pCINEMmlFltZGXcGf5tsxWKVnw=,ocWg49QO3gEZyVKLkeBCMotEb5E=
-15,52,6ICrA8PoZabGm2K/Cb0mcAIbrso=,ocWg49QO3gEZyVKLkeBCMotEb5E=
-16,55,1pCINEMmlFltZGXcGf5tsxWKVnw=,ocWg49QO3gEZyVKLkeBCMotEb5E=
-15,50,1pCINEMmlFltZGXcGf5tsxWKVnw=,ocWg49QO3gEZyVKLkeBCMotEb5E=
-16,50,1pCINEMmlFltZGXcGf5tsxWKVnw=,ocWg49QO3gEZyVKLkeBCMotEb5E=
-15,51,1pCINEMmlFltZGXcGf5tsxWKVnw=,ocWg49QO3gEZyVKLkeBCMotEb5E=
-12,54,1pCINEMmlFltZGXcGf5tsxWKVnw=,ocWg49QO3gEZyVKLkeBCMotEb5E=
-16,51,1pCINEMmlFltZGXcGf5tsxWKVnw=,ocWg49QO3gEZyVKLkeBCMotEb5E=
-13,54,1pCINEMmlFltZGXcGf5tsxWKVnw=,ocWg49QO3gEZyVKLkeBCMotEb5E=
-12,57,xgUu7jNthdYKy+WCW/PHcexokg0=,Boj1/74Hsc7TTCD8zJF8N5TP3YY=
-13,57,xgUu7jNthdYKy+WCW/PHcexokg0=,Boj1/74Hsc7TTCD8zJF8N5TP3YY=
-14,57,xgUu7jNthdYKy+WCW/PHcexokg0=,Boj1/74Hsc7TTCD8zJF8N5TP3YY=
-15,57,xgUu7jNthdYKy+WCW/PHcexokg0=,Boj1/74Hsc7TTCD8zJF8N5TP3YY=
-16,57,xgUu7jNthdYKy+WCW/PHcexokg0=,Boj1/74Hsc7TTCD8zJF8N5TP3YY=
-14,54,1pCINEMmlFltZGXcGf5tsxWKVnw=,ocWg49QO3gEZyVKLkeBCMotEb5E=
-15,54,1pCINEMmlFltZGXcGf5tsxWKVnw=,ocWg49QO3gEZyVKLkeBCMotEb5E=
-16,54,1pCINEMmlFltZGXcGf5tsxWKVnw=,ocWg49QO3gEZyVKLkeBCMotEb5E=
-16,49,1pCINEMmlFltZGXcGf5tsxWKVnw=,ocWg49QO3gEZyVKLkeBCMotEb5E=
-12,56,xgUu7jNthdYKy+WCW/PHcexokg0=,Boj1/74Hsc7TTCD8zJF8N5TP3YY=
-16,52,1pCINEMmlFltZGXcGf5tsxWKVnw=,ocWg49QO3gEZyVKLkeBCMotEb5E=
-12,49,1pCINEMmlFltZGXcGf5tsxWKVnw=,ocWg49QO3gEZyVKLkeBCMotEb5E=
-13,56,xgUu7jNthdYKy+WCW/PHcexokg0=,Boj1/74Hsc7TTCD8zJF8N5TP3YY=
-14,56,xgUu7jNthdYKy+WCW/PHcexokg0=,Boj1/74Hsc7TTCD8zJF8N5TP3YY=
-12,50,1pCINEMmlFltZGXcGf5tsxWKVnw=,ocWg49QO3gEZyVKLkeBCMotEb5E=
-13,50,1pCINEMmlFltZGXcGf5tsxWKVnw=,ocWg49QO3gEZyVKLkeBCMotEb5E=
-14,50,1pCINEMmlFltZGXcGf5tsxWKVnw=,ocWg49QO3gEZyVKLkeBCMotEb5E=
-15,56,xgUu7jNthdYKy+WCW/PHcexokg0=,Boj1/74Hsc7TTCD8zJF8N5TP3YY=
-16,56,xgUu7jNthdYKy+WCW/PHcexokg0=,Boj1/74Hsc7TTCD8zJF8N5TP3YY=
-12,48,1pCINEMmlFltZGXcGf5tsxWKVnw=,ocWg49QO3gEZyVKLkeBCMotEb5E=
-12,53,1pCINEMmlFltZGXcGf5tsxWKVnw=,ocWg49QO3gEZyVKLkeBCMotEb5E=
-13,53,1pCINEMmlFltZGXcGf5tsxWKVnw=,ocWg49QO3gEZyVKLkeBCMotEb5E=
-14,53,1pCINEMmlFltZGXcGf5tsxWKVnw=,ocWg49QO3gEZyVKLkeBCMotEb5E=
-13,48,1pCINEMmlFltZGXcGf5tsxWKVnw=,ocWg49QO3gEZyVKLkeBCMotEb5E=
-13,49,1pCINEMmlFltZGXcGf5tsxWKVnw=,ocWg49QO3gEZyVKLkeBCMotEb5E=
-15,49,1pCINEMmlFltZGXcGf5tsxWKVnw=,ocWg49QO3gEZyVKLkeBCMotEb5E=
-14,49,1pCINEMmlFltZGXcGf5tsxWKVnw=,ocWg49QO3gEZyVKLkeBCMotEb5E=
-14,48,1pCINEMmlFltZGXcGf5tsxWKVnw=,ocWg49QO3gEZyVKLkeBCMotEb5E=
-15,53,1pCINEMmlFltZGXcGf5tsxWKVnw=,ocWg49QO3gEZyVKLkeBCMotEb5E=
-16,53,1pCINEMmlFltZGXcGf5tsxWKVnw=,ocWg49QO3gEZyVKLkeBCMotEb5E=
-16,48,1pCINEMmlFltZGXcGf5tsxWKVnw=,ocWg49QO3gEZyVKLkeBCMotEb5E=
-12,58,xgUu7jNthdYKy+WCW/PHcexokg0=,Boj1/74Hsc7TTCD8zJF8N5TP3YY=
-15,48,1pCINEMmlFltZGXcGf5tsxWKVnw=,ocWg49QO3gEZyVKLkeBCMotEb5E=
-12,51,1pCINEMmlFltZGXcGf5tsxWKVnw=,ocWg49QO3gEZyVKLkeBCMotEb5E=
-12,52,1pCINEMmlFltZGXcGf5tsxWKVnw=,ocWg49QO3gEZyVKLkeBCMotEb5E=
-13,51,1pCINEMmlFltZGXcGf5tsxWKVnw=,ocWg49QO3gEZyVKLkeBCMotEb5E=
-12,55,1pCINEMmlFltZGXcGf5tsxWKVnw=,ocWg49QO3gEZyVKLkeBCMotEb5E=
-14,51,1pCINEMmlFltZGXcGf5tsxWKVnw=,ocWg49QO3gEZyVKLkeBCMotEb5E=
-14,58,xgUu7jNthdYKy+WCW/PHcexokg0=,Boj1/74Hsc7TTCD8zJF8N5TP3YY=
-3,58,/G13YRGv1Hmg6qfnNi9rxZzXcrA=,/Rqm/7pxt3ua60qOoCDKLasxldg=
-4,58,/G13YRGv1Hmg6qfnNi9rxZzXcrA=,/Rqm/7pxt3ua60qOoCDKLasxldg=
-5,55,Z39Vplyu4UM7UYSUrrLVbtM/25s=,ocWg49QO3gEZyVKLkeBCMotEb5E=
-5,51,Z39Vplyu4UM7UYSUrrLVbtM/25s=,ocWg49QO3gEZyVKLkeBCMotEb5E=
-6,51,Z39Vplyu4UM7UYSUrrLVbtM/25s=,ocWg49QO3gEZyVKLkeBCMotEb5E=
-6,55,fDsc9RyMb2LvNdSUALgoxGt+/hA=,ocWg49QO3gEZyVKLkeBCMotEb5E=
-11,55,Z39Vplyu4UM7UYSUrrLVbtM/25s=,ocWg49QO3gEZyVKLkeBCMotEb5E=
-9,57,DcknQ35aM+Wpda6srrC34eTQ65o=,Boj1/74Hsc7TTCD8zJF8N5TP3YY=
-11,57,v2C6qP8vg3tSC4bq+vGPe8UVBF4=,Boj1/74Hsc7TTCD8zJF8N5TP3YY=
-7,55,Z39Vplyu4UM7UYSUrrLVbtM/25s=,ocWg49QO3gEZyVKLkeBCMotEb5E=
-10,57,v2C6qP8vg3tSC4bq+vGPe8UVBF4=,Boj1/74Hsc7TTCD8zJF8N5TP3YY=
-11,52,Z39Vplyu4UM7UYSUrrLVbtM/25s=,ocWg49QO3gEZyVKLkeBCMotEb5E=
-5,58,v2C6qP8vg3tSC4bq+vGPe8UVBF4=,/Rqm/7pxt3ua60qOoCDKLasxldg=
-6,58,v2C6qP8vg3tSC4bq+vGPe8UVBF4=,/Rqm/7pxt3ua60qOoCDKLasxldg=
-7,58,v2C6qP8vg3tSC4bq+vGPe8UVBF4=,/Rqm/7pxt3ua60qOoCDKLasxldg=
-8,58,v2C6qP8vg3tSC4bq+vGPe8UVBF4=,/Rqm/7pxt3ua60qOoCDKLasxldg=
-10,54,Z39Vplyu4UM7UYSUrrLVbtM/25s=,ocWg49QO3gEZyVKLkeBCMotEb5E=
-7,51,Z39Vplyu4UM7UYSUrrLVbtM/25s=,ocWg49QO3gEZyVKLkeBCMotEb5E=
-3,49,Z39Vplyu4UM7UYSUrrLVbtM/25s=,ocWg49QO3gEZyVKLkeBCMotEb5E=
-4,49,Z39Vplyu4UM7UYSUrrLVbtM/25s=,ocWg49QO3gEZyVKLkeBCMotEb5E=
-2,49,Z39Vplyu4UM7UYSUrrLVbtM/25s=,ocWg49QO3gEZyVKLkeBCMotEb5E=
-11,54,Z39Vplyu4UM7UYSUrrLVbtM/25s=,ocWg49QO3gEZyVKLkeBCMotEb5E=
-6,49,Z39Vplyu4UM7UYSUrrLVbtM/25s=,ocWg49QO3gEZyVKLkeBCMotEb5E=
-1,49,Z39Vplyu4UM7UYSUrrLVbtM/25s=,ocWg49QO3gEZyVKLkeBCMotEb5E=
-5,49,Z39Vplyu4UM7UYSUrrLVbtM/25s=,ocWg49QO3gEZyVKLkeBCMotEb5E=
-7,49,Z39Vplyu4UM7UYSUrrLVbtM/25s=,ocWg49QO3gEZyVKLkeBCMotEb5E=
-5,57,v2C6qP8vg3tSC4bq+vGPe8UVBF4=,/Rqm/7pxt3ua60qOoCDKLasxldg=
-2,55,Z39Vplyu4UM7UYSUrrLVbtM/25s=,ocWg49QO3gEZyVKLkeBCMotEb5E=
-1,57,v2C6qP8vg3tSC4bq+vGPe8UVBF4=,/Rqm/7pxt3ua60qOoCDKLasxldg=
-1,55,Z39Vplyu4UM7UYSUrrLVbtM/25s=,ocWg49QO3gEZyVKLkeBCMotEb5E=
-3,50,Z39Vplyu4UM7UYSUrrLVbtM/25s=,ocWg49QO3gEZyVKLkeBCMotEb5E=
-1,54,fDsc9RyMb2LvNdSUALgoxGt+/hA=,ocWg49QO3gEZyVKLkeBCMotEb5E=
-2,57,v2C6qP8vg3tSC4bq+vGPe8UVBF4=,/Rqm/7pxt3ua60qOoCDKLasxldg=
-2,50,Z39Vplyu4UM7UYSUrrLVbtM/25s=,ocWg49QO3gEZyVKLkeBCMotEb5E=
-8,49,Z39Vplyu4UM7UYSUrrLVbtM/25s=,ocWg49QO3gEZyVKLkeBCMotEb5E=
-4,50,Z39Vplyu4UM7UYSUrrLVbtM/25s=,ocWg49QO3gEZyVKLkeBCMotEb5E=
-6,53,Z39Vplyu4UM7UYSUrrLVbtM/25s=,ocWg49QO3gEZyVKLkeBCMotEb5E=
-1,50,Z39Vplyu4UM7UYSUrrLVbtM/25s=,ocWg49QO3gEZyVKLkeBCMotEb5E=
-4,57,v2C6qP8vg3tSC4bq+vGPe8UVBF4=,/Rqm/7pxt3ua60qOoCDKLasxldg=
-5,50,Z39Vplyu4UM7UYSUrrLVbtM/25s=,ocWg49QO3gEZyVKLkeBCMotEb5E=
-5,53,Z39Vplyu4UM7UYSUrrLVbtM/25s=,ocWg49QO3gEZyVKLkeBCMotEb5E=
-7,50,Z39Vplyu4UM7UYSUrrLVbtM/25s=,ocWg49QO3gEZyVKLkeBCMotEb5E=
-9,49,Z39Vplyu4UM7UYSUrrLVbtM/25s=,ocWg49QO3gEZyVKLkeBCMotEb5E=
-2,54,Z39Vplyu4UM7UYSUrrLVbtM/25s=,ocWg49QO3gEZyVKLkeBCMotEb5E=
-8,50,Z39Vplyu4UM7UYSUrrLVbtM/25s=,ocWg49QO3gEZyVKLkeBCMotEb5E=
-1,48,Z39Vplyu4UM7UYSUrrLVbtM/25s=,ocWg49QO3gEZyVKLkeBCMotEb5E=
-8,53,Z39Vplyu4UM7UYSUrrLVbtM/25s=,ocWg49QO3gEZyVKLkeBCMotEb5E=
-9,56,v2C6qP8vg3tSC4bq+vGPe8UVBF4=,Boj1/74Hsc7TTCD8zJF8N5TP3YY=
-6,50,Z39Vplyu4UM7UYSUrrLVbtM/25s=,ocWg49QO3gEZyVKLkeBCMotEb5E=
-6,57,v2C6qP8vg3tSC4bq+vGPe8UVBF4=,/Rqm/7pxt3ua60qOoCDKLasxldg=
-3,57,v2C6qP8vg3tSC4bq+vGPe8UVBF4=,/Rqm/7pxt3ua60qOoCDKLasxldg=
-7,53,Z39Vplyu4UM7UYSUrrLVbtM/25s=,ocWg49QO3gEZyVKLkeBCMotEb5E=
-7,57,v2C6qP8vg3tSC4bq+vGPe8UVBF4=,/Rqm/7pxt3ua60qOoCDKLasxldg=
-10,56,v2C6qP8vg3tSC4bq+vGPe8UVBF4=,Boj1/74Hsc7TTCD8zJF8N5TP3YY=
-3,54,Z39Vplyu4UM7UYSUrrLVbtM/25s=,ocWg49QO3gEZyVKLkeBCMotEb5E=
-11,56,v2C6qP8vg3tSC4bq+vGPe8UVBF4=,Boj1/74Hsc7TTCD8zJF8N5TP3YY=
-1,52,Z39Vplyu4UM7UYSUrrLVbtM/25s=,ocWg49QO3gEZyVKLkeBCMotEb5E=
-2,52,Z39Vplyu4UM7UYSUrrLVbtM/25s=,ocWg49QO3gEZyVKLkeBCMotEb5E=
-8,51,Z39Vplyu4UM7UYSUrrLVbtM/25s=,ocWg49QO3gEZyVKLkeBCMotEb5E=
-9,58,v2C6qP8vg3tSC4bq+vGPe8UVBF4=,Boj1/74Hsc7TTCD8zJF8N5TP3YY=
-4,53,Z39Vplyu4UM7UYSUrrLVbtM/25s=,ocWg49QO3gEZyVKLkeBCMotEb5E=
-4,54,Z39Vplyu4UM7UYSUrrLVbtM/25s=,ocWg49QO3gEZyVKLkeBCMotEb5E=
-2,48,Z39Vplyu4UM7UYSUrrLVbtM/25s=,ocWg49QO3gEZyVKLkeBCMotEb5E=
-3,48,Z39Vplyu4UM7UYSUrrLVbtM/25s=,ocWg49QO3gEZyVKLkeBCMotEb5E=
-4,48,Z39Vplyu4UM7UYSUrrLVbtM/25s=,ocWg49QO3gEZyVKLkeBCMotEb5E=
-10,49,Z39Vplyu4UM7UYSUrrLVbtM/25s=,ocWg49QO3gEZyVKLkeBCMotEb5E=
-10,48,Z39Vplyu4UM7UYSUrrLVbtM/25s=,ocWg49QO3gEZyVKLkeBCMotEb5E=
-8,48,Z39Vplyu4UM7UYSUrrLVbtM/25s=,ocWg49QO3gEZyVKLkeBCMotEb5E=
-9,50,Z39Vplyu4UM7UYSUrrLVbtM/25s=,ocWg49QO3gEZyVKLkeBCMotEb5E=
-8,57,v2C6qP8vg3tSC4bq+vGPe8UVBF4=,/Rqm/7pxt3ua60qOoCDKLasxldg=
-3,52,Z39Vplyu4UM7UYSUrrLVbtM/25s=,ocWg49QO3gEZyVKLkeBCMotEb5E=
-7,54,Z39Vplyu4UM7UYSUrrLVbtM/25s=,ocWg49QO3gEZyVKLkeBCMotEb5E=
-5,48,Z39Vplyu4UM7UYSUrrLVbtM/25s=,ocWg49QO3gEZyVKLkeBCMotEb5E=
-4,52,Z39Vplyu4UM7UYSUrrLVbtM/25s=,ocWg49QO3gEZyVKLkeBCMotEb5E=
-11,48,Z39Vplyu4UM7UYSUrrLVbtM/25s=,ocWg49QO3gEZyVKLkeBCMotEb5E=
-10,58,v2C6qP8vg3tSC4bq+vGPe8UVBF4=,Boj1/74Hsc7TTCD8zJF8N5TP3YY=
-3,53,Z39Vplyu4UM7UYSUrrLVbtM/25s=,ocWg49QO3gEZyVKLkeBCMotEb5E=
-5,54,Z39Vplyu4UM7UYSUrrLVbtM/25s=,ocWg49QO3gEZyVKLkeBCMotEb5E=
-6,48,Z39Vplyu4UM7UYSUrrLVbtM/25s=,ocWg49QO3gEZyVKLkeBCMotEb5E=
-5,52,Z39Vplyu4UM7UYSUrrLVbtM/25s=,ocWg49QO3gEZyVKLkeBCMotEb5E=
-7,48,Z39Vplyu4UM7UYSUrrLVbtM/25s=,ocWg49QO3gEZyVKLkeBCMotEb5E=
-10,50,Z39Vplyu4UM7UYSUrrLVbtM/25s=,ocWg49QO3gEZyVKLkeBCMotEb5E=
-11,49,Z39Vplyu4UM7UYSUrrLVbtM/25s=,ocWg49QO3gEZyVKLkeBCMotEb5E=
-11,51,Z39Vplyu4UM7UYSUrrLVbtM/25s=,ocWg49QO3gEZyVKLkeBCMotEb5E=
-11,50,Z39Vplyu4UM7UYSUrrLVbtM/25s=,ocWg49QO3gEZyVKLkeBCMotEb5E=
-6,54,Z39Vplyu4UM7UYSUrrLVbtM/25s=,ocWg49QO3gEZyVKLkeBCMotEb5E=
-11,53,Z39Vplyu4UM7UYSUrrLVbtM/25s=,ocWg49QO3gEZyVKLkeBCMotEb5E=
-5,56,v2C6qP8vg3tSC4bq+vGPe8UVBF4=,/Rqm/7pxt3ua60qOoCDKLasxldg=
-9,48,Z39Vplyu4UM7UYSUrrLVbtM/25s=,ocWg49QO3gEZyVKLkeBCMotEb5E=
-6,56,v2C6qP8vg3tSC4bq+vGPe8UVBF4=,/Rqm/7pxt3ua60qOoCDKLasxldg=
-7,56,v2C6qP8vg3tSC4bq+vGPe8UVBF4=,/Rqm/7pxt3ua60qOoCDKLasxldg=
-3,55,Z39Vplyu4UM7UYSUrrLVbtM/25s=,ocWg49QO3gEZyVKLkeBCMotEb5E=
-3,56,v2C6qP8vg3tSC4bq+vGPe8UVBF4=,/Rqm/7pxt3ua60qOoCDKLasxldg=
-9,55,Z39Vplyu4UM7UYSUrrLVbtM/25s=,ocWg49QO3gEZyVKLkeBCMotEb5E=
-1,56,v2C6qP8vg3tSC4bq+vGPe8UVBF4=,/Rqm/7pxt3ua60qOoCDKLasxldg=
-2,56,v2C6qP8vg3tSC4bq+vGPe8UVBF4=,/Rqm/7pxt3ua60qOoCDKLasxldg=
-4,55,Z39Vplyu4UM7UYSUrrLVbtM/25s=,ocWg49QO3gEZyVKLkeBCMotEb5E=
-8,56,v2C6qP8vg3tSC4bq+vGPe8UVBF4=,/Rqm/7pxt3ua60qOoCDKLasxldg=
-9,53,Z39Vplyu4UM7UYSUrrLVbtM/25s=,ocWg49QO3gEZyVKLkeBCMotEb5E=
-2,58,v2C6qP8vg3tSC4bq+vGPe8UVBF4=,/Rqm/7pxt3ua60qOoCDKLasxldg=
-6,52,Z39Vplyu4UM7UYSUrrLVbtM/25s=,ocWg49QO3gEZyVKLkeBCMotEb5E=
-10,55,Z39Vplyu4UM7UYSUrrLVbtM/25s=,ocWg49QO3gEZyVKLkeBCMotEb5E=
-11,58,v2C6qP8vg3tSC4bq+vGPe8UVBF4=,Boj1/74Hsc7TTCD8zJF8N5TP3YY=
-10,53,Z39Vplyu4UM7UYSUrrLVbtM/25s=,ocWg49QO3gEZyVKLkeBCMotEb5E=
-10,52,Z39Vplyu4UM7UYSUrrLVbtM/25s=,ocWg49QO3gEZyVKLkeBCMotEb5E=
-4,56,v2C6qP8vg3tSC4bq+vGPe8UVBF4=,/Rqm/7pxt3ua60qOoCDKLasxldg=
-8,54,Z39Vplyu4UM7UYSUrrLVbtM/25s=,ocWg49QO3gEZyVKLkeBCMotEb5E=
-3,51,Z39Vplyu4UM7UYSUrrLVbtM/25s=,ocWg49QO3gEZyVKLkeBCMotEb5E=
-9,51,Z39Vplyu4UM7UYSUrrLVbtM/25s=,ocWg49QO3gEZyVKLkeBCMotEb5E=
-10,51,Z39Vplyu4UM7UYSUrrLVbtM/25s=,ocWg49QO3gEZyVKLkeBCMotEb5E=
-2,51,Z39Vplyu4UM7UYSUrrLVbtM/25s=,ocWg49QO3gEZyVKLkeBCMotEb5E=
-1,58,v2C6qP8vg3tSC4bq+vGPe8UVBF4=,/Rqm/7pxt3ua60qOoCDKLasxldg=
-7,52,Z39Vplyu4UM7UYSUrrLVbtM/25s=,ocWg49QO3gEZyVKLkeBCMotEb5E=
-8,52,Z39Vplyu4UM7UYSUrrLVbtM/25s=,ocWg49QO3gEZyVKLkeBCMotEb5E=
-1,53,Z39Vplyu4UM7UYSUrrLVbtM/25s=,ocWg49QO3gEZyVKLkeBCMotEb5E=
-1,51,Z39Vplyu4UM7UYSUrrLVbtM/25s=,ocWg49QO3gEZyVKLkeBCMotEb5E=
-2,53,Z39Vplyu4UM7UYSUrrLVbtM/25s=,ocWg49QO3gEZyVKLkeBCMotEb5E=
-4,51,Z39Vplyu4UM7UYSUrrLVbtM/25s=,ocWg49QO3gEZyVKLkeBCMotEb5E=
-9,52,Z39Vplyu4UM7UYSUrrLVbtM/25s=,ocWg49QO3gEZyVKLkeBCMotEb5E=
-9,54,Z39Vplyu4UM7UYSUrrLVbtM/25s=,ocWg49QO3gEZyVKLkeBCMotEb5E=
-8,55,Z39Vplyu4UM7UYSUrrLVbtM/25s=,ocWg49QO3gEZyVKLkeBCMotEb5E=
-13,36,CX3Emaqeh0clLwz+fdt4CkVKX1g=,DfBBNaGqHxfbv/PqH+ZAk1xpLPU=
-12,35,CX3Emaqeh0clLwz+fdt4CkVKX1g=,DfBBNaGqHxfbv/PqH+ZAk1xpLPU=
-13,35,CX3Emaqeh0clLwz+fdt4CkVKX1g=,DfBBNaGqHxfbv/PqH+ZAk1xpLPU=
-12,36,CX3Emaqeh0clLwz+fdt4CkVKX1g=,DfBBNaGqHxfbv/PqH+ZAk1xpLPU=
-15,43,nTB+OWrasNasWeoM497zzHvI6yI=,DhmK1g2xIbeTmYz5XOdutfvIMCI=
-16,43,nTB+OWrasNasWeoM497zzHvI6yI=,DhmK1g2xIbeTmYz5XOdutfvIMCI=
-12,37,CX3Emaqeh0clLwz+fdt4CkVKX1g=,DfBBNaGqHxfbv/PqH+ZAk1xpLPU=
-13,37,CX3Emaqeh0clLwz+fdt4CkVKX1g=,DfBBNaGqHxfbv/PqH+ZAk1xpLPU=
-12,42,CX3Emaqeh0clLwz+fdt4CkVKX1g=,DhmK1g2xIbeTmYz5XOdutfvIMCI=
-12,39,CX3Emaqeh0clLwz+fdt4CkVKX1g=,DfBBNaGqHxfbv/PqH+ZAk1xpLPU=
-13,42,CX3Emaqeh0clLwz+fdt4CkVKX1g=,DhmK1g2xIbeTmYz5XOdutfvIMCI=
-13,39,CX3Emaqeh0clLwz+fdt4CkVKX1g=,DfBBNaGqHxfbv/PqH+ZAk1xpLPU=
-12,41,CX3Emaqeh0clLwz+fdt4CkVKX1g=,DhmK1g2xIbeTmYz5XOdutfvIMCI=
-12,44,6YwkxEKDIYQPWk5/jLc9mRjtM6M=,DhmK1g2xIbeTmYz5XOdutfvIMCI=
-13,44,6YwkxEKDIYQPWk5/jLc9mRjtM6M=,DhmK1g2xIbeTmYz5XOdutfvIMCI=
-14,44,nTB+OWrasNasWeoM497zzHvI6yI=,DhmK1g2xIbeTmYz5XOdutfvIMCI=
-15,44,nTB+OWrasNasWeoM497zzHvI6yI=,DhmK1g2xIbeTmYz5XOdutfvIMCI=
-16,44,nTB+OWrasNasWeoM497zzHvI6yI=,DhmK1g2xIbeTmYz5XOdutfvIMCI=
-13,41,CX3Emaqeh0clLwz+fdt4CkVKX1g=,DhmK1g2xIbeTmYz5XOdutfvIMCI=
-12,43,6YwkxEKDIYQPWk5/jLc9mRjtM6M=,DhmK1g2xIbeTmYz5XOdutfvIMCI=
-12,40,CX3Emaqeh0clLwz+fdt4CkVKX1g=,DhmK1g2xIbeTmYz5XOdutfvIMCI=
-13,43,6YwkxEKDIYQPWk5/jLc9mRjtM6M=,DhmK1g2xIbeTmYz5XOdutfvIMCI=
-14,43,nTB+OWrasNasWeoM497zzHvI6yI=,DhmK1g2xIbeTmYz5XOdutfvIMCI=
-12,38,CX3Emaqeh0clLwz+fdt4CkVKX1g=,DfBBNaGqHxfbv/PqH+ZAk1xpLPU=
-13,38,CX3Emaqeh0clLwz+fdt4CkVKX1g=,DfBBNaGqHxfbv/PqH+ZAk1xpLPU=
-13,40,CX3Emaqeh0clLwz+fdt4CkVKX1g=,DhmK1g2xIbeTmYz5XOdutfvIMCI=
-12,47,nTB+OWrasNasWeoM497zzHvI6yI=,DhmK1g2xIbeTmYz5XOdutfvIMCI=
-12,45,nTB+OWrasNasWeoM497zzHvI6yI=,DhmK1g2xIbeTmYz5XOdutfvIMCI=
-12,46,nTB+OWrasNasWeoM497zzHvI6yI=,DhmK1g2xIbeTmYz5XOdutfvIMCI=
-13,47,nTB+OWrasNasWeoM497zzHvI6yI=,DhmK1g2xIbeTmYz5XOdutfvIMCI=
-13,46,nTB+OWrasNasWeoM497zzHvI6yI=,DhmK1g2xIbeTmYz5XOdutfvIMCI=
-13,45,nTB+OWrasNasWeoM497zzHvI6yI=,DhmK1g2xIbeTmYz5XOdutfvIMCI=
-13,32,fqF/Ns8bu1ijszchI25uTi0l6wc=,DfBBNaGqHxfbv/PqH+ZAk1xpLPU=
-13,33,fqF/Ns8bu1ijszchI25uTi0l6wc=,DfBBNaGqHxfbv/PqH+ZAk1xpLPU=
-12,34,fqF/Ns8bu1ijszchI25uTi0l6wc=,DfBBNaGqHxfbv/PqH+ZAk1xpLPU=
-12,33,fqF/Ns8bu1ijszchI25uTi0l6wc=,DfBBNaGqHxfbv/PqH+ZAk1xpLPU=
-13,34,fqF/Ns8bu1ijszchI25uTi0l6wc=,DfBBNaGqHxfbv/PqH+ZAk1xpLPU=
-12,32,fqF/Ns8bu1ijszchI25uTi0l6wc=,DfBBNaGqHxfbv/PqH+ZAk1xpLPU=
-16,36,t7PuYNA+3A55SdB0dy0xZ1zl57U=,DfBBNaGqHxfbv/PqH+ZAk1xpLPU=
-16,38,t7PuYNA+3A55SdB0dy0xZ1zl57U=,DfBBNaGqHxfbv/PqH+ZAk1xpLPU=
-15,38,t7PuYNA+3A55SdB0dy0xZ1zl57U=,DfBBNaGqHxfbv/PqH+ZAk1xpLPU=
-14,38,t7PuYNA+3A55SdB0dy0xZ1zl57U=,DfBBNaGqHxfbv/PqH+ZAk1xpLPU=
-15,36,t7PuYNA+3A55SdB0dy0xZ1zl57U=,DfBBNaGqHxfbv/PqH+ZAk1xpLPU=
-14,36,t7PuYNA+3A55SdB0dy0xZ1zl57U=,DfBBNaGqHxfbv/PqH+ZAk1xpLPU=
-14,40,t7PuYNA+3A55SdB0dy0xZ1zl57U=,DhmK1g2xIbeTmYz5XOdutfvIMCI=
-16,41,t7PuYNA+3A55SdB0dy0xZ1zl57U=,DhmK1g2xIbeTmYz5XOdutfvIMCI=
-15,41,t7PuYNA+3A55SdB0dy0xZ1zl57U=,DhmK1g2xIbeTmYz5XOdutfvIMCI=
-14,41,t7PuYNA+3A55SdB0dy0xZ1zl57U=,DhmK1g2xIbeTmYz5XOdutfvIMCI=
-16,35,t7PuYNA+3A55SdB0dy0xZ1zl57U=,DfBBNaGqHxfbv/PqH+ZAk1xpLPU=
-15,35,t7PuYNA+3A55SdB0dy0xZ1zl57U=,DfBBNaGqHxfbv/PqH+ZAk1xpLPU=
-14,35,t7PuYNA+3A55SdB0dy0xZ1zl57U=,DfBBNaGqHxfbv/PqH+ZAk1xpLPU=
-16,42,t7PuYNA+3A55SdB0dy0xZ1zl57U=,DhmK1g2xIbeTmYz5XOdutfvIMCI=
-15,42,t7PuYNA+3A55SdB0dy0xZ1zl57U=,DhmK1g2xIbeTmYz5XOdutfvIMCI=
-15,39,t7PuYNA+3A55SdB0dy0xZ1zl57U=,DfBBNaGqHxfbv/PqH+ZAk1xpLPU=
-14,39,t7PuYNA+3A55SdB0dy0xZ1zl57U=,DfBBNaGqHxfbv/PqH+ZAk1xpLPU=
-16,37,t7PuYNA+3A55SdB0dy0xZ1zl57U=,DfBBNaGqHxfbv/PqH+ZAk1xpLPU=
-14,42,t7PuYNA+3A55SdB0dy0xZ1zl57U=,DhmK1g2xIbeTmYz5XOdutfvIMCI=
-16,39,t7PuYNA+3A55SdB0dy0xZ1zl57U=,DfBBNaGqHxfbv/PqH+ZAk1xpLPU=
-15,37,t7PuYNA+3A55SdB0dy0xZ1zl57U=,DfBBNaGqHxfbv/PqH+ZAk1xpLPU=
-14,37,t7PuYNA+3A55SdB0dy0xZ1zl57U=,DfBBNaGqHxfbv/PqH+ZAk1xpLPU=
-16,40,t7PuYNA+3A55SdB0dy0xZ1zl57U=,DhmK1g2xIbeTmYz5XOdutfvIMCI=
-15,40,t7PuYNA+3A55SdB0dy0xZ1zl57U=,DhmK1g2xIbeTmYz5XOdutfvIMCI=
-15,46,fqF/Ns8bu1ijszchI25uTi0l6wc=,DhmK1g2xIbeTmYz5XOdutfvIMCI=
-15,47,fqF/Ns8bu1ijszchI25uTi0l6wc=,DhmK1g2xIbeTmYz5XOdutfvIMCI=
-16,47,fqF/Ns8bu1ijszchI25uTi0l6wc=,DhmK1g2xIbeTmYz5XOdutfvIMCI=
-14,47,fqF/Ns8bu1ijszchI25uTi0l6wc=,DhmK1g2xIbeTmYz5XOdutfvIMCI=
-16,45,fqF/Ns8bu1ijszchI25uTi0l6wc=,DhmK1g2xIbeTmYz5XOdutfvIMCI=
-14,45,fqF/Ns8bu1ijszchI25uTi0l6wc=,DhmK1g2xIbeTmYz5XOdutfvIMCI=
-14,46,fqF/Ns8bu1ijszchI25uTi0l6wc=,DhmK1g2xIbeTmYz5XOdutfvIMCI=
-15,45,fqF/Ns8bu1ijszchI25uTi0l6wc=,DhmK1g2xIbeTmYz5XOdutfvIMCI=
-16,46,fqF/Ns8bu1ijszchI25uTi0l6wc=,DhmK1g2xIbeTmYz5XOdutfvIMCI=
-16,33,fqF/Ns8bu1ijszchI25uTi0l6wc=,DfBBNaGqHxfbv/PqH+ZAk1xpLPU=
-14,34,fqF/Ns8bu1ijszchI25uTi0l6wc=,DfBBNaGqHxfbv/PqH+ZAk1xpLPU=
-15,34,fqF/Ns8bu1ijszchI25uTi0l6wc=,DfBBNaGqHxfbv/PqH+ZAk1xpLPU=
-16,34,fqF/Ns8bu1ijszchI25uTi0l6wc=,DfBBNaGqHxfbv/PqH+ZAk1xpLPU=
-14,32,fqF/Ns8bu1ijszchI25uTi0l6wc=,DfBBNaGqHxfbv/PqH+ZAk1xpLPU=
-15,32,fqF/Ns8bu1ijszchI25uTi0l6wc=,DfBBNaGqHxfbv/PqH+ZAk1xpLPU=
-16,32,fqF/Ns8bu1ijszchI25uTi0l6wc=,DfBBNaGqHxfbv/PqH+ZAk1xpLPU=
-14,33,fqF/Ns8bu1ijszchI25uTi0l6wc=,DfBBNaGqHxfbv/PqH+ZAk1xpLPU=
-15,33,fqF/Ns8bu1ijszchI25uTi0l6wc=,DfBBNaGqHxfbv/PqH+ZAk1xpLPU=
-9,35,zSARLtOK8OJRWbhTF2BQ/Vr7/gI=,DfBBNaGqHxfbv/PqH+ZAk1xpLPU=
-10,35,zSARLtOK8OJRWbhTF2BQ/Vr7/gI=,DfBBNaGqHxfbv/PqH+ZAk1xpLPU=
-8,35,zSARLtOK8OJRWbhTF2BQ/Vr7/gI=,xN8VhmgCYzCakBgSer8oIei2KCA=
-7,35,zSARLtOK8OJRWbhTF2BQ/Vr7/gI=,xN8VhmgCYzCakBgSer8oIei2KCA=
-1,34,zSARLtOK8OJRWbhTF2BQ/Vr7/gI=,xN8VhmgCYzCakBgSer8oIei2KCA=
-6,35,zSARLtOK8OJRWbhTF2BQ/Vr7/gI=,xN8VhmgCYzCakBgSer8oIei2KCA=
-3,34,zSARLtOK8OJRWbhTF2BQ/Vr7/gI=,xN8VhmgCYzCakBgSer8oIei2KCA=
-2,34,zSARLtOK8OJRWbhTF2BQ/Vr7/gI=,xN8VhmgCYzCakBgSer8oIei2KCA=
-8,34,zSARLtOK8OJRWbhTF2BQ/Vr7/gI=,xN8VhmgCYzCakBgSer8oIei2KCA=
-7,34,zSARLtOK8OJRWbhTF2BQ/Vr7/gI=,xN8VhmgCYzCakBgSer8oIei2KCA=
-11,35,zSARLtOK8OJRWbhTF2BQ/Vr7/gI=,DfBBNaGqHxfbv/PqH+ZAk1xpLPU=
-8,33,zSARLtOK8OJRWbhTF2BQ/Vr7/gI=,xN8VhmgCYzCakBgSer8oIei2KCA=
-9,32,zSARLtOK8OJRWbhTF2BQ/Vr7/gI=,DfBBNaGqHxfbv/PqH+ZAk1xpLPU=
-10,32,zSARLtOK8OJRWbhTF2BQ/Vr7/gI=,DfBBNaGqHxfbv/PqH+ZAk1xpLPU=
-5,34,zSARLtOK8OJRWbhTF2BQ/Vr7/gI=,xN8VhmgCYzCakBgSer8oIei2KCA=
-5,35,zSARLtOK8OJRWbhTF2BQ/Vr7/gI=,xN8VhmgCYzCakBgSer8oIei2KCA=
-4,34,zSARLtOK8OJRWbhTF2BQ/Vr7/gI=,xN8VhmgCYzCakBgSer8oIei2KCA=
-10,36,zSARLtOK8OJRWbhTF2BQ/Vr7/gI=,DfBBNaGqHxfbv/PqH+ZAk1xpLPU=
-4,33,zSARLtOK8OJRWbhTF2BQ/Vr7/gI=,xN8VhmgCYzCakBgSer8oIei2KCA=
-9,34,zSARLtOK8OJRWbhTF2BQ/Vr7/gI=,DfBBNaGqHxfbv/PqH+ZAk1xpLPU=
-10,34,zSARLtOK8OJRWbhTF2BQ/Vr7/gI=,DfBBNaGqHxfbv/PqH+ZAk1xpLPU=
-11,34,zSARLtOK8OJRWbhTF2BQ/Vr7/gI=,DfBBNaGqHxfbv/PqH+ZAk1xpLPU=
-11,32,zSARLtOK8OJRWbhTF2BQ/Vr7/gI=,DfBBNaGqHxfbv/PqH+ZAk1xpLPU=
-3,32,zSARLtOK8OJRWbhTF2BQ/Vr7/gI=,xN8VhmgCYzCakBgSer8oIei2KCA=
-11,36,zSARLtOK8OJRWbhTF2BQ/Vr7/gI=,DfBBNaGqHxfbv/PqH+ZAk1xpLPU=
-9,33,zSARLtOK8OJRWbhTF2BQ/Vr7/gI=,DfBBNaGqHxfbv/PqH+ZAk1xpLPU=
-10,33,zSARLtOK8OJRWbhTF2BQ/Vr7/gI=,DfBBNaGqHxfbv/PqH+ZAk1xpLPU=
-11,33,zSARLtOK8OJRWbhTF2BQ/Vr7/gI=,DfBBNaGqHxfbv/PqH+ZAk1xpLPU=
-2,33,zSARLtOK8OJRWbhTF2BQ/Vr7/gI=,xN8VhmgCYzCakBgSer8oIei2KCA=
-6,34,zSARLtOK8OJRWbhTF2BQ/Vr7/gI=,xN8VhmgCYzCakBgSer8oIei2KCA=
-9,36,zSARLtOK8OJRWbhTF2BQ/Vr7/gI=,DfBBNaGqHxfbv/PqH+ZAk1xpLPU=
-4,32,zSARLtOK8OJRWbhTF2BQ/Vr7/gI=,xN8VhmgCYzCakBgSer8oIei2KCA=
-7,33,zSARLtOK8OJRWbhTF2BQ/Vr7/gI=,xN8VhmgCYzCakBgSer8oIei2KCA=
-2,32,zSARLtOK8OJRWbhTF2BQ/Vr7/gI=,xN8VhmgCYzCakBgSer8oIei2KCA=
-1,33,zSARLtOK8OJRWbhTF2BQ/Vr7/gI=,xN8VhmgCYzCakBgSer8oIei2KCA=
-4,35,zSARLtOK8OJRWbhTF2BQ/Vr7/gI=,xN8VhmgCYzCakBgSer8oIei2KCA=
-2,36,zSARLtOK8OJRWbhTF2BQ/Vr7/gI=,xN8VhmgCYzCakBgSer8oIei2KCA=
-4,36,zSARLtOK8OJRWbhTF2BQ/Vr7/gI=,xN8VhmgCYzCakBgSer8oIei2KCA=
-5,33,zSARLtOK8OJRWbhTF2BQ/Vr7/gI=,xN8VhmgCYzCakBgSer8oIei2KCA=
-5,32,zSARLtOK8OJRWbhTF2BQ/Vr7/gI=,xN8VhmgCYzCakBgSer8oIei2KCA=
-8,36,zSARLtOK8OJRWbhTF2BQ/Vr7/gI=,xN8VhmgCYzCakBgSer8oIei2KCA=
-3,33,zSARLtOK8OJRWbhTF2BQ/Vr7/gI=,xN8VhmgCYzCakBgSer8oIei2KCA=
-1,32,zSARLtOK8OJRWbhTF2BQ/Vr7/gI=,xN8VhmgCYzCakBgSer8oIei2KCA=
-8,32,zSARLtOK8OJRWbhTF2BQ/Vr7/gI=,xN8VhmgCYzCakBgSer8oIei2KCA=
-6,36,zSARLtOK8OJRWbhTF2BQ/Vr7/gI=,xN8VhmgCYzCakBgSer8oIei2KCA=
-7,32,zSARLtOK8OJRWbhTF2BQ/Vr7/gI=,xN8VhmgCYzCakBgSer8oIei2KCA=
-2,35,zSARLtOK8OJRWbhTF2BQ/Vr7/gI=,xN8VhmgCYzCakBgSer8oIei2KCA=
-6,33,zSARLtOK8OJRWbhTF2BQ/Vr7/gI=,xN8VhmgCYzCakBgSer8oIei2KCA=
-7,36,zSARLtOK8OJRWbhTF2BQ/Vr7/gI=,xN8VhmgCYzCakBgSer8oIei2KCA=
-1,36,zSARLtOK8OJRWbhTF2BQ/Vr7/gI=,xN8VhmgCYzCakBgSer8oIei2KCA=
-3,35,zSARLtOK8OJRWbhTF2BQ/Vr7/gI=,xN8VhmgCYzCakBgSer8oIei2KCA=
-3,36,zSARLtOK8OJRWbhTF2BQ/Vr7/gI=,xN8VhmgCYzCakBgSer8oIei2KCA=
-5,36,zSARLtOK8OJRWbhTF2BQ/Vr7/gI=,xN8VhmgCYzCakBgSer8oIei2KCA=
-11,37,zSARLtOK8OJRWbhTF2BQ/Vr7/gI=,DfBBNaGqHxfbv/PqH+ZAk1xpLPU=
-10,39,zSARLtOK8OJRWbhTF2BQ/Vr7/gI=,DfBBNaGqHxfbv/PqH+ZAk1xpLPU=
-7,37,zSARLtOK8OJRWbhTF2BQ/Vr7/gI=,xN8VhmgCYzCakBgSer8oIei2KCA=
-5,39,zSARLtOK8OJRWbhTF2BQ/Vr7/gI=,xN8VhmgCYzCakBgSer8oIei2KCA=
-1,38,zSARLtOK8OJRWbhTF2BQ/Vr7/gI=,xN8VhmgCYzCakBgSer8oIei2KCA=
-4,43,zSARLtOK8OJRWbhTF2BQ/Vr7/gI=,yxloZ3nlp99FJapcqh35T2RHPk4=
-6,39,zSARLtOK8OJRWbhTF2BQ/Vr7/gI=,xN8VhmgCYzCakBgSer8oIei2KCA=
-6,37,zSARLtOK8OJRWbhTF2BQ/Vr7/gI=,xN8VhmgCYzCakBgSer8oIei2KCA=
-10,42,zSARLtOK8OJRWbhTF2BQ/Vr7/gI=,DhmK1g2xIbeTmYz5XOdutfvIMCI=
-11,47,zSARLtOK8OJRWbhTF2BQ/Vr7/gI=,DhmK1g2xIbeTmYz5XOdutfvIMCI=
-1,39,zSARLtOK8OJRWbhTF2BQ/Vr7/gI=,xN8VhmgCYzCakBgSer8oIei2KCA=
-9,37,zSARLtOK8OJRWbhTF2BQ/Vr7/gI=,DfBBNaGqHxfbv/PqH+ZAk1xpLPU=
-4,42,zSARLtOK8OJRWbhTF2BQ/Vr7/gI=,yxloZ3nlp99FJapcqh35T2RHPk4=
-9,45,zSARLtOK8OJRWbhTF2BQ/Vr7/gI=,DhmK1g2xIbeTmYz5XOdutfvIMCI=
-5,37,zSARLtOK8OJRWbhTF2BQ/Vr7/gI=,xN8VhmgCYzCakBgSer8oIei2KCA=
-5,42,zSARLtOK8OJRWbhTF2BQ/Vr7/gI=,yxloZ3nlp99FJapcqh35T2RHPk4=
-8,37,zSARLtOK8OJRWbhTF2BQ/Vr7/gI=,xN8VhmgCYzCakBgSer8oIei2KCA=
-3,42,zSARLtOK8OJRWbhTF2BQ/Vr7/gI=,yxloZ3nlp99FJapcqh35T2RHPk4=
-8,39,zSARLtOK8OJRWbhTF2BQ/Vr7/gI=,xN8VhmgCYzCakBgSer8oIei2KCA=
-10,46,HBoDGh+7w6wE4pWnkYiSnsZ5OtM=,DhmK1g2xIbeTmYz5XOdutfvIMCI=
-9,46,LCjX/m5dXlN/FaswnbiZQeGUkXg=,DhmK1g2xIbeTmYz5XOdutfvIMCI=
-6,42,zSARLtOK8OJRWbhTF2BQ/Vr7/gI=,yxloZ3nlp99FJapcqh35T2RHPk4=
-9,39,zSARLtOK8OJRWbhTF2BQ/Vr7/gI=,DfBBNaGqHxfbv/PqH+ZAk1xpLPU=
-7,39,zSARLtOK8OJRWbhTF2BQ/Vr7/gI=,xN8VhmgCYzCakBgSer8oIei2KCA=
-8,40,zSARLtOK8OJRWbhTF2BQ/Vr7/gI=,yxloZ3nlp99FJapcqh35T2RHPk4=
-2,42,zSARLtOK8OJRWbhTF2BQ/Vr7/gI=,yxloZ3nlp99FJapcqh35T2RHPk4=
-9,42,zSARLtOK8OJRWbhTF2BQ/Vr7/gI=,DhmK1g2xIbeTmYz5XOdutfvIMCI=
-8,42,zSARLtOK8OJRWbhTF2BQ/Vr7/gI=,yxloZ3nlp99FJapcqh35T2RHPk4=
-3,43,zSARLtOK8OJRWbhTF2BQ/Vr7/gI=,yxloZ3nlp99FJapcqh35T2RHPk4=
-9,47,HBoDGh+7w6wE4pWnkYiSnsZ5OtM=,DhmK1g2xIbeTmYz5XOdutfvIMCI=
-8,44,zSARLtOK8OJRWbhTF2BQ/Vr7/gI=,yxloZ3nlp99FJapcqh35T2RHPk4=
-4,37,zSARLtOK8OJRWbhTF2BQ/Vr7/gI=,xN8VhmgCYzCakBgSer8oIei2KCA=
-1,43,zSARLtOK8OJRWbhTF2BQ/Vr7/gI=,yxloZ3nlp99FJapcqh35T2RHPk4=
-10,47,zSARLtOK8OJRWbhTF2BQ/Vr7/gI=,DhmK1g2xIbeTmYz5XOdutfvIMCI=
-6,40,zSARLtOK8OJRWbhTF2BQ/Vr7/gI=,yxloZ3nlp99FJapcqh35T2RHPk4=
-2,43,zSARLtOK8OJRWbhTF2BQ/Vr7/gI=,yxloZ3nlp99FJapcqh35T2RHPk4=
-7,42,zSARLtOK8OJRWbhTF2BQ/Vr7/gI=,yxloZ3nlp99FJapcqh35T2RHPk4=
-4,39,zSARLtOK8OJRWbhTF2BQ/Vr7/gI=,xN8VhmgCYzCakBgSer8oIei2KCA=
-3,40,zSARLtOK8OJRWbhTF2BQ/Vr7/gI=,yxloZ3nlp99FJapcqh35T2RHPk4=
-3,37,zSARLtOK8OJRWbhTF2BQ/Vr7/gI=,xN8VhmgCYzCakBgSer8oIei2KCA=
-1,37,zSARLtOK8OJRWbhTF2BQ/Vr7/gI=,xN8VhmgCYzCakBgSer8oIei2KCA=
-7,40,zSARLtOK8OJRWbhTF2BQ/Vr7/gI=,yxloZ3nlp99FJapcqh35T2RHPk4=
-11,40,zSARLtOK8OJRWbhTF2BQ/Vr7/gI=,DhmK1g2xIbeTmYz5XOdutfvIMCI=
-1,44,zSARLtOK8OJRWbhTF2BQ/Vr7/gI=,yxloZ3nlp99FJapcqh35T2RHPk4=
-7,44,zSARLtOK8OJRWbhTF2BQ/Vr7/gI=,yxloZ3nlp99FJapcqh35T2RHPk4=
-2,40,zSARLtOK8OJRWbhTF2BQ/Vr7/gI=,yxloZ3nlp99FJapcqh35T2RHPk4=
-5,44,zSARLtOK8OJRWbhTF2BQ/Vr7/gI=,yxloZ3nlp99FJapcqh35T2RHPk4=
-6,44,zSARLtOK8OJRWbhTF2BQ/Vr7/gI=,yxloZ3nlp99FJapcqh35T2RHPk4=
-4,40,zSARLtOK8OJRWbhTF2BQ/Vr7/gI=,yxloZ3nlp99FJapcqh35T2RHPk4=
-10,40,zSARLtOK8OJRWbhTF2BQ/Vr7/gI=,DhmK1g2xIbeTmYz5XOdutfvIMCI=
-3,44,zSARLtOK8OJRWbhTF2BQ/Vr7/gI=,yxloZ3nlp99FJapcqh35T2RHPk4=
-8,43,HBoDGh+7w6wE4pWnkYiSnsZ5OtM=,yxloZ3nlp99FJapcqh35T2RHPk4=
-2,44,zSARLtOK8OJRWbhTF2BQ/Vr7/gI=,yxloZ3nlp99FJapcqh35T2RHPk4=
-11,38,zSARLtOK8OJRWbhTF2BQ/Vr7/gI=,DfBBNaGqHxfbv/PqH+ZAk1xpLPU=
-2,37,zSARLtOK8OJRWbhTF2BQ/Vr7/gI=,xN8VhmgCYzCakBgSer8oIei2KCA=
-1,42,zSARLtOK8OJRWbhTF2BQ/Vr7/gI=,yxloZ3nlp99FJapcqh35T2RHPk4=
-1,45,HBoDGh+7w6wE4pWnkYiSnsZ5OtM=,yxloZ3nlp99FJapcqh35T2RHPk4=
-1,40,zSARLtOK8OJRWbhTF2BQ/Vr7/gI=,yxloZ3nlp99FJapcqh35T2RHPk4=
-5,40,zSARLtOK8OJRWbhTF2BQ/Vr7/gI=,yxloZ3nlp99FJapcqh35T2RHPk4=
-2,45,zSARLtOK8OJRWbhTF2BQ/Vr7/gI=,yxloZ3nlp99FJapcqh35T2RHPk4=
-8,45,zSARLtOK8OJRWbhTF2BQ/Vr7/gI=,yxloZ3nlp99FJapcqh35T2RHPk4=
-11,43,LCjX/m5dXlN/FaswnbiZQeGUkXg=,DhmK1g2xIbeTmYz5XOdutfvIMCI=
-4,45,zSARLtOK8OJRWbhTF2BQ/Vr7/gI=,yxloZ3nlp99FJapcqh35T2RHPk4=
-4,44,zSARLtOK8OJRWbhTF2BQ/Vr7/gI=,yxloZ3nlp99FJapcqh35T2RHPk4=
-8,41,zSARLtOK8OJRWbhTF2BQ/Vr7/gI=,yxloZ3nlp99FJapcqh35T2RHPk4=
-6,45,zSARLtOK8OJRWbhTF2BQ/Vr7/gI=,yxloZ3nlp99FJapcqh35T2RHPk4=
-3,45,zSARLtOK8OJRWbhTF2BQ/Vr7/gI=,yxloZ3nlp99FJapcqh35T2RHPk4=
-5,45,zSARLtOK8OJRWbhTF2BQ/Vr7/gI=,yxloZ3nlp99FJapcqh35T2RHPk4=
-7,45,zSARLtOK8OJRWbhTF2BQ/Vr7/gI=,yxloZ3nlp99FJapcqh35T2RHPk4=
-7,38,zSARLtOK8OJRWbhTF2BQ/Vr7/gI=,xN8VhmgCYzCakBgSer8oIei2KCA=
-9,40,zSARLtOK8OJRWbhTF2BQ/Vr7/gI=,DhmK1g2xIbeTmYz5XOdutfvIMCI=
-7,41,zSARLtOK8OJRWbhTF2BQ/Vr7/gI=,yxloZ3nlp99FJapcqh35T2RHPk4=
-9,43,HBoDGh+7w6wE4pWnkYiSnsZ5OtM=,DhmK1g2xIbeTmYz5XOdutfvIMCI=
-8,38,zSARLtOK8OJRWbhTF2BQ/Vr7/gI=,xN8VhmgCYzCakBgSer8oIei2KCA=
-6,46,zSARLtOK8OJRWbhTF2BQ/Vr7/gI=,yxloZ3nlp99FJapcqh35T2RHPk4=
-3,46,HBoDGh+7w6wE4pWnkYiSnsZ5OtM=,yxloZ3nlp99FJapcqh35T2RHPk4=
-5,46,zSARLtOK8OJRWbhTF2BQ/Vr7/gI=,yxloZ3nlp99FJapcqh35T2RHPk4=
-10,38,zSARLtOK8OJRWbhTF2BQ/Vr7/gI=,DfBBNaGqHxfbv/PqH+ZAk1xpLPU=
-10,44,zSARLtOK8OJRWbhTF2BQ/Vr7/gI=,DhmK1g2xIbeTmYz5XOdutfvIMCI=
-11,41,zSARLtOK8OJRWbhTF2BQ/Vr7/gI=,DhmK1g2xIbeTmYz5XOdutfvIMCI=
-10,41,zSARLtOK8OJRWbhTF2BQ/Vr7/gI=,DhmK1g2xIbeTmYz5XOdutfvIMCI=
-10,43,LCjX/m5dXlN/FaswnbiZQeGUkXg=,DhmK1g2xIbeTmYz5XOdutfvIMCI=
-8,46,zSARLtOK8OJRWbhTF2BQ/Vr7/gI=,yxloZ3nlp99FJapcqh35T2RHPk4=
-7,46,zSARLtOK8OJRWbhTF2BQ/Vr7/gI=,yxloZ3nlp99FJapcqh35T2RHPk4=
-2,39,zSARLtOK8OJRWbhTF2BQ/Vr7/gI=,xN8VhmgCYzCakBgSer8oIei2KCA=
-2,46,HBoDGh+7w6wE4pWnkYiSnsZ5OtM=,yxloZ3nlp99FJapcqh35T2RHPk4=
-2,47,HBoDGh+7w6wE4pWnkYiSnsZ5OtM=,yxloZ3nlp99FJapcqh35T2RHPk4=
-3,39,zSARLtOK8OJRWbhTF2BQ/Vr7/gI=,xN8VhmgCYzCakBgSer8oIei2KCA=
-9,44,LCjX/m5dXlN/FaswnbiZQeGUkXg=,DhmK1g2xIbeTmYz5XOdutfvIMCI=
-5,41,zSARLtOK8OJRWbhTF2BQ/Vr7/gI=,yxloZ3nlp99FJapcqh35T2RHPk4=
-6,41,zSARLtOK8OJRWbhTF2BQ/Vr7/gI=,yxloZ3nlp99FJapcqh35T2RHPk4=
-11,39,zSARLtOK8OJRWbhTF2BQ/Vr7/gI=,DfBBNaGqHxfbv/PqH+ZAk1xpLPU=
-3,47,zSARLtOK8OJRWbhTF2BQ/Vr7/gI=,yxloZ3nlp99FJapcqh35T2RHPk4=
-1,47,HBoDGh+7w6wE4pWnkYiSnsZ5OtM=,yxloZ3nlp99FJapcqh35T2RHPk4=
-7,47,HBoDGh+7w6wE4pWnkYiSnsZ5OtM=,yxloZ3nlp99FJapcqh35T2RHPk4=
-5,38,zSARLtOK8OJRWbhTF2BQ/Vr7/gI=,xN8VhmgCYzCakBgSer8oIei2KCA=
-4,38,zSARLtOK8OJRWbhTF2BQ/Vr7/gI=,xN8VhmgCYzCakBgSer8oIei2KCA=
-6,38,zSARLtOK8OJRWbhTF2BQ/Vr7/gI=,xN8VhmgCYzCakBgSer8oIei2KCA=
-9,41,zSARLtOK8OJRWbhTF2BQ/Vr7/gI=,DhmK1g2xIbeTmYz5XOdutfvIMCI=
-3,41,zSARLtOK8OJRWbhTF2BQ/Vr7/gI=,yxloZ3nlp99FJapcqh35T2RHPk4=
-4,47,HBoDGh+7w6wE4pWnkYiSnsZ5OtM=,yxloZ3nlp99FJapcqh35T2RHPk4=
-2,38,zSARLtOK8OJRWbhTF2BQ/Vr7/gI=,xN8VhmgCYzCakBgSer8oIei2KCA=
-3,38,zSARLtOK8OJRWbhTF2BQ/Vr7/gI=,xN8VhmgCYzCakBgSer8oIei2KCA=
-5,47,zSARLtOK8OJRWbhTF2BQ/Vr7/gI=,yxloZ3nlp99FJapcqh35T2RHPk4=
-4,46,zSARLtOK8OJRWbhTF2BQ/Vr7/gI=,yxloZ3nlp99FJapcqh35T2RHPk4=
-6,47,HBoDGh+7w6wE4pWnkYiSnsZ5OtM=,yxloZ3nlp99FJapcqh35T2RHPk4=
-4,41,zSARLtOK8OJRWbhTF2BQ/Vr7/gI=,yxloZ3nlp99FJapcqh35T2RHPk4=
-10,45,zSARLtOK8OJRWbhTF2BQ/Vr7/gI=,DhmK1g2xIbeTmYz5XOdutfvIMCI=
-7,43,zSARLtOK8OJRWbhTF2BQ/Vr7/gI=,yxloZ3nlp99FJapcqh35T2RHPk4=
-2,41,zSARLtOK8OJRWbhTF2BQ/Vr7/gI=,yxloZ3nlp99FJapcqh35T2RHPk4=
-11,44,HBoDGh+7w6wE4pWnkYiSnsZ5OtM=,DhmK1g2xIbeTmYz5XOdutfvIMCI=
-1,46,HBoDGh+7w6wE4pWnkYiSnsZ5OtM=,yxloZ3nlp99FJapcqh35T2RHPk4=
-11,45,zSARLtOK8OJRWbhTF2BQ/Vr7/gI=,DhmK1g2xIbeTmYz5XOdutfvIMCI=
-1,41,zSARLtOK8OJRWbhTF2BQ/Vr7/gI=,yxloZ3nlp99FJapcqh35T2RHPk4=
-5,43,zSARLtOK8OJRWbhTF2BQ/Vr7/gI=,yxloZ3nlp99FJapcqh35T2RHPk4=
-11,46,HBoDGh+7w6wE4pWnkYiSnsZ5OtM=,DhmK1g2xIbeTmYz5XOdutfvIMCI=
-6,43,zSARLtOK8OJRWbhTF2BQ/Vr7/gI=,yxloZ3nlp99FJapcqh35T2RHPk4=
-9,38,zSARLtOK8OJRWbhTF2BQ/Vr7/gI=,DfBBNaGqHxfbv/PqH+ZAk1xpLPU=
-8,47,HBoDGh+7w6wE4pWnkYiSnsZ5OtM=,yxloZ3nlp99FJapcqh35T2RHPk4=
-11,42,zSARLtOK8OJRWbhTF2BQ/Vr7/gI=,DhmK1g2xIbeTmYz5XOdutfvIMCI=
-10,37,zSARLtOK8OJRWbhTF2BQ/Vr7/gI=,DfBBNaGqHxfbv/PqH+ZAk1xpLPU=
-6,32,zSARLtOK8OJRWbhTF2BQ/Vr7/gI=,xN8VhmgCYzCakBgSer8oIei2KCA=
-1,35,zSARLtOK8OJRWbhTF2BQ/Vr7/gI=,xN8VhmgCYzCakBgSer8oIei2KCA=
