3,-19,zd0BQsWxgGJDI+OVTrpPQ4a9q4g=,SjgybzioKxALrPORX+aNpnFX8p0=
2,-20,zd0BQsWxgGJDI+OVTrpPQ4a9q4g=,SjgybzioKxALrPORX+aNpnFX8p0=
3,-20,zd0BQsWxgGJDI+OVTrpPQ4a9q4g=,SjgybzioKxALrPORX+aNpnFX8p0=
2,-19,zd0BQsWxgGJDI+OVTrpPQ4a9q4g=,SjgybzioKxALrPORX+aNpnFX8p0=
0,-20,zd0BQsWxgGJDI+OVTrpPQ4a9q4g=,SjgybzioKxALrPORX+aNpnFX8p0=
1,-19,zd0BQsWxgGJDI+OVTrpPQ4a9q4g=,SjgybzioKxALrPORX+aNpnFX8p0=
1,-20,zd0BQsWxgGJDI+OVTrpPQ4a9q4g=,SjgybzioKxALrPORX+aNpnFX8p0=
0,-19,zd0BQsWxgGJDI+OVTrpPQ4a9q4g=,SjgybzioKxALrPORX+aNpnFX8p0=
2,-17,NfvrZ5AdeA3jLeiSAiFUHmyMV44=,SjgybzioKxALrPORX+aNpnFX8p0=
3,-17,NfvrZ5AdeA3jLeiSAiFUHmyMV44=,SjgybzioKxALrPORX+aNpnFX8p0=
1,-17,NfvrZ5AdeA3jLeiSAiFUHmyMV44=,SjgybzioKxALrPORX+aNpnFX8p0=
3,-18,NfvrZ5AdeA3jLeiSAiFUHmyMV44=,SjgybzioKxALrPORX+aNpnFX8p0=
0,-17,NfvrZ5AdeA3jLeiSAiFUHmyMV44=,SjgybzioKxALrPORX+aNpnFX8p0=
1,-18,NfvrZ5AdeA3jLeiSAiFUHmyMV44=,SjgybzioKxALrPORX+aNpnFX8p0=
2,-18,NfvrZ5AdeA3jLeiSAiFUHmyMV44=,SjgybzioKxALrPORX+aNpnFX8p0=
0,-18,NfvrZ5AdeA3jLeiSAiFUHmyMV44=,SjgybzioKxALrPORX+aNpnFX8p0=
9,-7,pIe+1JC5BnVyjj/8IvnbyYBvfs0=,A8UQ52Y/yS2b2nWEo4PzxgiHkcU=
7,-9,pIe+1JC5BnVyjj/8IvnbyYBvfs0=,fvZqU28d9y3v84YzdW8vf3bH7QM=
7,-10,pIe+1JC5BnVyjj/8IvnbyYBvfs0=,fvZqU28d9y3v84YzdW8vf3bH7QM=
6,-7,pIe+1JC5BnVyjj/8IvnbyYBvfs0=,jeyHES6hf9bC9qswkv1QxUM/FqY=
9,-8,pIe+1JC5BnVyjj/8IvnbyYBvfs0=,A8UQ52Y/yS2b2nWEo4PzxgiHkcU=
9,-9,pIe+1JC5BnVyjj/8IvnbyYBvfs0=,A8UQ52Y/yS2b2nWEo4PzxgiHkcU=
9,-10,pIe+1JC5BnVyjj/8IvnbyYBvfs0=,A8UQ52Y/yS2b2nWEo4PzxgiHkcU=
8,-7,pIe+1JC5BnVyjj/8IvnbyYBvfs0=,A8UQ52Y/yS2b2nWEo4PzxgiHkcU=
6,-10,pIe+1JC5BnVyjj/8IvnbyYBvfs0=,fvZqU28d9y3v84YzdW8vf3bH7QM=
8,-10,pIe+1JC5BnVyjj/8IvnbyYBvfs0=,A8UQ52Y/yS2b2nWEo4PzxgiHkcU=
7,-7,pIe+1JC5BnVyjj/8IvnbyYBvfs0=,jeyHES6hf9bC9qswkv1QxUM/FqY=
7,-8,pIe+1JC5BnVyjj/8IvnbyYBvfs0=,jeyHES6hf9bC9qswkv1QxUM/FqY=
8,-9,pIe+1JC5BnVyjj/8IvnbyYBvfs0=,A8UQ52Y/yS2b2nWEo4PzxgiHkcU=
8,-8,pIe+1JC5BnVyjj/8IvnbyYBvfs0=,A8UQ52Y/yS2b2nWEo4PzxgiHkcU=
6,-9,pIe+1JC5BnVyjj/8IvnbyYBvfs0=,fvZqU28d9y3v84YzdW8vf3bH7QM=
6,-8,pIe+1JC5BnVyjj/8IvnbyYBvfs0=,jeyHES6hf9bC9qswkv1QxUM/FqY=
7,-5,o8JGUkeKAEuRxuAV7ImBcxTDCRw=,jeyHES6hf9bC9qswkv1QxUM/FqY=
9,-6,o8JGUkeKAEuRxuAV7ImBcxTDCRw=,A8UQ52Y/yS2b2nWEo4PzxgiHkcU=
7,-3,o8JGUkeKAEuRxuAV7ImBcxTDCRw=,hAk6UCViT/7loYqSr/FU7K6qKQI=
6,-5,o8JGUkeKAEuRxuAV7ImBcxTDCRw=,jeyHES6hf9bC9qswkv1QxUM/FqY=
8,-5,o8JGUkeKAEuRxuAV7ImBcxTDCRw=,A8UQ52Y/yS2b2nWEo4PzxgiHkcU=
8,-4,o8JGUkeKAEuRxuAV7ImBcxTDCRw=,jeyHES6hf9bC9qswkv1QxUM/FqY=
7,-6,o8JGUkeKAEuRxuAV7ImBcxTDCRw=,jeyHES6hf9bC9qswkv1QxUM/FqY=
8,-3,o8JGUkeKAEuRxuAV7ImBcxTDCRw=,jeyHES6hf9bC9qswkv1QxUM/FqY=
6,-4,o8JGUkeKAEuRxuAV7ImBcxTDCRw=,hAk6UCViT/7loYqSr/FU7K6qKQI=
9,-4,o8JGUkeKAEuRxuAV7ImBcxTDCRw=,jeyHES6hf9bC9qswkv1QxUM/FqY=
9,-5,o8JGUkeKAEuRxuAV7ImBcxTDCRw=,A8UQ52Y/yS2b2nWEo4PzxgiHkcU=
6,-3,o8JGUkeKAEuRxuAV7ImBcxTDCRw=,hAk6UCViT/7loYqSr/FU7K6qKQI=
9,-3,o8JGUkeKAEuRxuAV7ImBcxTDCRw=,jeyHES6hf9bC9qswkv1QxUM/FqY=
7,-4,o8JGUkeKAEuRxuAV7ImBcxTDCRw=,hAk6UCViT/7loYqSr/FU7K6qKQI=
8,-6,o8JGUkeKAEuRxuAV7ImBcxTDCRw=,A8UQ52Y/yS2b2nWEo4PzxgiHkcU=
6,-6,o8JGUkeKAEuRxuAV7ImBcxTDCRw=,jeyHES6hf9bC9qswkv1QxUM/FqY=
2,-5,M5AR3h/rpUTj/W8eVwLyrwa2pTQ=,89u+SxW1/Gxu88EcONLAEQ33Y9E=
2,-6,M5AR3h/rpUTj/W8eVwLyrwa2pTQ=,89u+SxW1/Gxu88EcONLAEQ33Y9E=
4,-6,XULNG9pzAQBi8ogypiG4w++sbBM=,jeyHES6hf9bC9qswkv1QxUM/FqY=
5,-3,XULNG9pzAQBi8ogypiG4w++sbBM=,hAk6UCViT/7loYqSr/FU7K6qKQI=
3,-6,M5AR3h/rpUTj/W8eVwLyrwa2pTQ=,89u+SxW1/Gxu88EcONLAEQ33Y9E=
3,-4,/nfgfVLi7JhYn3JfA5rf9v4GDOI=,/YoBxpNDEbRxsV4wzdoHKdJWgBs=
4,-5,XULNG9pzAQBi8ogypiG4w++sbBM=,jeyHES6hf9bC9qswkv1QxUM/FqY=
5,-4,XULNG9pzAQBi8ogypiG4w++sbBM=,hAk6UCViT/7loYqSr/FU7K6qKQI=
2,-4,/nfgfVLi7JhYn3JfA5rf9v4GDOI=,/YoBxpNDEbRxsV4wzdoHKdJWgBs=
4,-3,XULNG9pzAQBi8ogypiG4w++sbBM=,hAk6UCViT/7loYqSr/FU7K6qKQI=
5,-5,XULNG9pzAQBi8ogypiG4w++sbBM=,jeyHES6hf9bC9qswkv1QxUM/FqY=
2,-3,/nfgfVLi7JhYn3JfA5rf9v4GDOI=,/YoBxpNDEbRxsV4wzdoHKdJWgBs=
4,-4,XULNG9pzAQBi8ogypiG4w++sbBM=,hAk6UCViT/7loYqSr/FU7K6qKQI=
3,-5,M5AR3h/rpUTj/W8eVwLyrwa2pTQ=,89u+SxW1/Gxu88EcONLAEQ33Y9E=
3,-3,/nfgfVLi7JhYn3JfA5rf9v4GDOI=,/YoBxpNDEbRxsV4wzdoHKdJWgBs=
5,-6,XULNG9pzAQBi8ogypiG4w++sbBM=,jeyHES6hf9bC9qswkv1QxUM/FqY=
10,-10,Z74b39IxxpBAbEFwTKW07QVRxI4=,A8UQ52Y/yS2b2nWEo4PzxgiHkcU=
11,-10,Z74b39IxxpBAbEFwTKW07QVRxI4=,A8UQ52Y/yS2b2nWEo4PzxgiHkcU=
10,-9,Z74b39IxxpBAbEFwTKW07QVRxI4=,A8UQ52Y/yS2b2nWEo4PzxgiHkcU=
12,-8,Z74b39IxxpBAbEFwTKW07QVRxI4=,A8UQ52Y/yS2b2nWEo4PzxgiHkcU=
11,-9,Z74b39IxxpBAbEFwTKW07QVRxI4=,A8UQ52Y/yS2b2nWEo4PzxgiHkcU=
10,-8,Z74b39IxxpBAbEFwTKW07QVRxI4=,A8UQ52Y/yS2b2nWEo4PzxgiHkcU=
11,-8,Z74b39IxxpBAbEFwTKW07QVRxI4=,A8UQ52Y/yS2b2nWEo4PzxgiHkcU=
13,-9,Z74b39IxxpBAbEFwTKW07QVRxI4=,A8UQ52Y/yS2b2nWEo4PzxgiHkcU=
12,-9,Z74b39IxxpBAbEFwTKW07QVRxI4=,A8UQ52Y/yS2b2nWEo4PzxgiHkcU=
13,-10,Z74b39IxxpBAbEFwTKW07QVRxI4=,A8UQ52Y/yS2b2nWEo4PzxgiHkcU=
12,-7,KPHRIw3+WfBYuQa37ZlUpT8JRgo=,A8UQ52Y/yS2b2nWEo4PzxgiHkcU=
13,-7,KPHRIw3+WfBYuQa37ZlUpT8JRgo=,A8UQ52Y/yS2b2nWEo4PzxgiHkcU=
13,-8,KPHRIw3+WfBYuQa37ZlUpT8JRgo=,A8UQ52Y/yS2b2nWEo4PzxgiHkcU=
12,-10,Z74b39IxxpBAbEFwTKW07QVRxI4=,A8UQ52Y/yS2b2nWEo4PzxgiHkcU=
11,-7,Z74b39IxxpBAbEFwTKW07QVRxI4=,A8UQ52Y/yS2b2nWEo4PzxgiHkcU=
10,-7,Z74b39IxxpBAbEFwTKW07QVRxI4=,A8UQ52Y/yS2b2nWEo4PzxgiHkcU=
14,-6,ZLT/cjK7nqE/OFl1w6zr0gLIUNk=,A8UQ52Y/yS2b2nWEo4PzxgiHkcU=
13,-6,CFyeZsNXBd7W5miKT9YCt/ZJ5BM=,A8UQ52Y/yS2b2nWEo4PzxgiHkcU=
11,-3,CFyeZsNXBd7W5miKT9YCt/ZJ5BM=,jeyHES6hf9bC9qswkv1QxUM/FqY=
12,-4,EYOl0AZ9Rg6hX7odKoamuA2HwdI=,7WZU0DGGngYFA6fPdE13wNUWEJg=
10,-3,CFyeZsNXBd7W5miKT9YCt/ZJ5BM=,jeyHES6hf9bC9qswkv1QxUM/FqY=
11,-5,CFyeZsNXBd7W5miKT9YCt/ZJ5BM=,A8UQ52Y/yS2b2nWEo4PzxgiHkcU=
11,-6,CFyeZsNXBd7W5miKT9YCt/ZJ5BM=,A8UQ52Y/yS2b2nWEo4PzxgiHkcU=
10,-6,CFyeZsNXBd7W5miKT9YCt/ZJ5BM=,A8UQ52Y/yS2b2nWEo4PzxgiHkcU=
12,-6,CFyeZsNXBd7W5miKT9YCt/ZJ5BM=,A8UQ52Y/yS2b2nWEo4PzxgiHkcU=
13,-4,aBPPWfaa42dXAaJJC2UUWELLrRo=,7WZU0DGGngYFA6fPdE13wNUWEJg=
11,-4,CFyeZsNXBd7W5miKT9YCt/ZJ5BM=,jeyHES6hf9bC9qswkv1QxUM/FqY=
15,-6,ZLT/cjK7nqE/OFl1w6zr0gLIUNk=,A8UQ52Y/yS2b2nWEo4PzxgiHkcU=
14,-4,WpSuzcEeyIdfUcHKFxDbPHklI1M=,7WZU0DGGngYFA6fPdE13wNUWEJg=
10,-5,CFyeZsNXBd7W5miKT9YCt/ZJ5BM=,A8UQ52Y/yS2b2nWEo4PzxgiHkcU=
14,-3,WpSuzcEeyIdfUcHKFxDbPHklI1M=,7WZU0DGGngYFA6fPdE13wNUWEJg=
15,-3,WpSuzcEeyIdfUcHKFxDbPHklI1M=,7WZU0DGGngYFA6fPdE13wNUWEJg=
13,-5,CFyeZsNXBd7W5miKT9YCt/ZJ5BM=,A8UQ52Y/yS2b2nWEo4PzxgiHkcU=
14,-5,ZLT/cjK7nqE/OFl1w6zr0gLIUNk=,A8UQ52Y/yS2b2nWEo4PzxgiHkcU=
10,-4,CFyeZsNXBd7W5miKT9YCt/ZJ5BM=,jeyHES6hf9bC9qswkv1QxUM/FqY=
15,-5,ZLT/cjK7nqE/OFl1w6zr0gLIUNk=,A8UQ52Y/yS2b2nWEo4PzxgiHkcU=
12,-5,CFyeZsNXBd7W5miKT9YCt/ZJ5BM=,A8UQ52Y/yS2b2nWEo4PzxgiHkcU=
12,-3,EYOl0AZ9Rg6hX7odKoamuA2HwdI=,7WZU0DGGngYFA6fPdE13wNUWEJg=
15,-4,WpSuzcEeyIdfUcHKFxDbPHklI1M=,7WZU0DGGngYFA6fPdE13wNUWEJg=
13,-3,EYOl0AZ9Rg6hX7odKoamuA2HwdI=,7WZU0DGGngYFA6fPdE13wNUWEJg=
10,-1,gizbUoRV4wwA1j22Y9lwYCyu5iA=,jeyHES6hf9bC9qswkv1QxUM/FqY=
11,-1,gizbUoRV4wwA1j22Y9lwYCyu5iA=,jeyHES6hf9bC9qswkv1QxUM/FqY=
11,-2,gizbUoRV4wwA1j22Y9lwYCyu5iA=,jeyHES6hf9bC9qswkv1QxUM/FqY=
12,-1,IkTHy2iXXy3ISdVG20oIh7SM8DE=,7WZU0DGGngYFA6fPdE13wNUWEJg=
10,-2,gizbUoRV4wwA1j22Y9lwYCyu5iA=,jeyHES6hf9bC9qswkv1QxUM/FqY=
12,-2,IkTHy2iXXy3ISdVG20oIh7SM8DE=,7WZU0DGGngYFA6fPdE13wNUWEJg=
13,-2,IkTHy2iXXy3ISdVG20oIh7SM8DE=,7WZU0DGGngYFA6fPdE13wNUWEJg=
7,-1,gizbUoRV4wwA1j22Y9lwYCyu5iA=,hAk6UCViT/7loYqSr/FU7K6qKQI=
8,-1,yDsTYrMouDizLzjzfEP1K+8/FKU=,jeyHES6hf9bC9qswkv1QxUM/FqY=
13,-1,IkTHy2iXXy3ISdVG20oIh7SM8DE=,7WZU0DGGngYFA6fPdE13wNUWEJg=
7,-2,gizbUoRV4wwA1j22Y9lwYCyu5iA=,hAk6UCViT/7loYqSr/FU7K6qKQI=
9,-1,gizbUoRV4wwA1j22Y9lwYCyu5iA=,jeyHES6hf9bC9qswkv1QxUM/FqY=
6,-1,yDsTYrMouDizLzjzfEP1K+8/FKU=,hAk6UCViT/7loYqSr/FU7K6qKQI=
6,-2,gizbUoRV4wwA1j22Y9lwYCyu5iA=,hAk6UCViT/7loYqSr/FU7K6qKQI=
8,-2,gizbUoRV4wwA1j22Y9lwYCyu5iA=,jeyHES6hf9bC9qswkv1QxUM/FqY=
9,-2,gizbUoRV4wwA1j22Y9lwYCyu5iA=,jeyHES6hf9bC9qswkv1QxUM/FqY=
5,-1,XULNG9pzAQBi8ogypiG4w++sbBM=,hAk6UCViT/7loYqSr/FU7K6qKQI=
5,-2,XULNG9pzAQBi8ogypiG4w++sbBM=,hAk6UCViT/7loYqSr/FU7K6qKQI=
2,-1,/nfgfVLi7JhYn3JfA5rf9v4GDOI=,/YoBxpNDEbRxsV4wzdoHKdJWgBs=
4,-1,XULNG9pzAQBi8ogypiG4w++sbBM=,hAk6UCViT/7loYqSr/FU7K6qKQI=
2,-2,/nfgfVLi7JhYn3JfA5rf9v4GDOI=,/YoBxpNDEbRxsV4wzdoHKdJWgBs=
3,-2,/nfgfVLi7JhYn3JfA5rf9v4GDOI=,/YoBxpNDEbRxsV4wzdoHKdJWgBs=
4,-2,XULNG9pzAQBi8ogypiG4w++sbBM=,hAk6UCViT/7loYqSr/FU7K6qKQI=
3,-1,/nfgfVLi7JhYn3JfA5rf9v4GDOI=,/YoBxpNDEbRxsV4wzdoHKdJWgBs=
0,-6,b2ssnlJ/rsTB+gEyQkSm6Lq4ywk=,89u+SxW1/Gxu88EcONLAEQ33Y9E=
0,-5,b2ssnlJ/rsTB+gEyQkSm6Lq4ywk=,89u+SxW1/Gxu88EcONLAEQ33Y9E=
1,-5,b2ssnlJ/rsTB+gEyQkSm6Lq4ywk=,89u+SxW1/Gxu88EcONLAEQ33Y9E=
0,-4,/nfgfVLi7JhYn3JfA5rf9v4GDOI=,/YoBxpNDEbRxsV4wzdoHKdJWgBs=
1,-6,b2ssnlJ/rsTB+gEyQkSm6Lq4ywk=,89u+SxW1/Gxu88EcONLAEQ33Y9E=
1,-4,/nfgfVLi7JhYn3JfA5rf9v4GDOI=,/YoBxpNDEbRxsV4wzdoHKdJWgBs=
0,-3,/nfgfVLi7JhYn3JfA5rf9v4GDOI=,/YoBxpNDEbRxsV4wzdoHKdJWgBs=
1,-3,/nfgfVLi7JhYn3JfA5rf9v4GDOI=,/YoBxpNDEbRxsV4wzdoHKdJWgBs=
8,-12,4YNBvDfxyiEO0oR/4NbjCuP8G/A=,A8UQ52Y/yS2b2nWEo4PzxgiHkcU=
9,-12,4YNBvDfxyiEO0oR/4NbjCuP8G/A=,A8UQ52Y/yS2b2nWEo4PzxgiHkcU=
8,-11,4YNBvDfxyiEO0oR/4NbjCuP8G/A=,A8UQ52Y/yS2b2nWEo4PzxgiHkcU=
9,-11,4YNBvDfxyiEO0oR/4NbjCuP8G/A=,A8UQ52Y/yS2b2nWEo4PzxgiHkcU=
6,-12,4YNBvDfxyiEO0oR/4NbjCuP8G/A=,fvZqU28d9y3v84YzdW8vf3bH7QM=
7,-12,4YNBvDfxyiEO0oR/4NbjCuP8G/A=,fvZqU28d9y3v84YzdW8vf3bH7QM=
6,-11,4YNBvDfxyiEO0oR/4NbjCuP8G/A=,fvZqU28d9y3v84YzdW8vf3bH7QM=
7,-13,4YNBvDfxyiEO0oR/4NbjCuP8G/A=,A8UQ52Y/yS2b2nWEo4PzxgiHkcU=
7,-11,4YNBvDfxyiEO0oR/4NbjCuP8G/A=,fvZqU28d9y3v84YzdW8vf3bH7QM=
6,-14,4YNBvDfxyiEO0oR/4NbjCuP8G/A=,A8UQ52Y/yS2b2nWEo4PzxgiHkcU=
7,-14,4YNBvDfxyiEO0oR/4NbjCuP8G/A=,A8UQ52Y/yS2b2nWEo4PzxgiHkcU=
6,-13,4YNBvDfxyiEO0oR/4NbjCuP8G/A=,A8UQ52Y/yS2b2nWEo4PzxgiHkcU=
10,-12,KPHRIw3+WfBYuQa37ZlUpT8JRgo=,A8UQ52Y/yS2b2nWEo4PzxgiHkcU=
11,-12,KPHRIw3+WfBYuQa37ZlUpT8JRgo=,A8UQ52Y/yS2b2nWEo4PzxgiHkcU=
10,-11,KPHRIw3+WfBYuQa37ZlUpT8JRgo=,A8UQ52Y/yS2b2nWEo4PzxgiHkcU=
11,-11,KPHRIw3+WfBYuQa37ZlUpT8JRgo=,A8UQ52Y/yS2b2nWEo4PzxgiHkcU=
12,-11,KPHRIw3+WfBYuQa37ZlUpT8JRgo=,A8UQ52Y/yS2b2nWEo4PzxgiHkcU=
13,-11,KPHRIw3+WfBYuQa37ZlUpT8JRgo=,A8UQ52Y/yS2b2nWEo4PzxgiHkcU=
13,-12,KPHRIw3+WfBYuQa37ZlUpT8JRgo=,A8UQ52Y/yS2b2nWEo4PzxgiHkcU=
12,-12,KPHRIw3+WfBYuQa37ZlUpT8JRgo=,A8UQ52Y/yS2b2nWEo4PzxgiHkcU=
14,-7,ZLT/cjK7nqE/OFl1w6zr0gLIUNk=,A8UQ52Y/yS2b2nWEo4PzxgiHkcU=
15,-12,+5o3RU0mqqxilqSLHaTY8clnAGU=,A8UQ52Y/yS2b2nWEo4PzxgiHkcU=
15,-7,ZLT/cjK7nqE/OFl1w6zr0gLIUNk=,A8UQ52Y/yS2b2nWEo4PzxgiHkcU=
15,-9,ZLT/cjK7nqE/OFl1w6zr0gLIUNk=,A8UQ52Y/yS2b2nWEo4PzxgiHkcU=
14,-8,ZLT/cjK7nqE/OFl1w6zr0gLIUNk=,A8UQ52Y/yS2b2nWEo4PzxgiHkcU=
14,-11,+5o3RU0mqqxilqSLHaTY8clnAGU=,A8UQ52Y/yS2b2nWEo4PzxgiHkcU=
14,-9,ZLT/cjK7nqE/OFl1w6zr0gLIUNk=,A8UQ52Y/yS2b2nWEo4PzxgiHkcU=
15,-10,ZLT/cjK7nqE/OFl1w6zr0gLIUNk=,A8UQ52Y/yS2b2nWEo4PzxgiHkcU=
15,-8,ZLT/cjK7nqE/OFl1w6zr0gLIUNk=,A8UQ52Y/yS2b2nWEo4PzxgiHkcU=
15,-11,+5o3RU0mqqxilqSLHaTY8clnAGU=,A8UQ52Y/yS2b2nWEo4PzxgiHkcU=
14,-12,+5o3RU0mqqxilqSLHaTY8clnAGU=,A8UQ52Y/yS2b2nWEo4PzxgiHkcU=
14,-10,ZLT/cjK7nqE/OFl1w6zr0gLIUNk=,A8UQ52Y/yS2b2nWEo4PzxgiHkcU=
1,-2,/nfgfVLi7JhYn3JfA5rf9v4GDOI=,/YoBxpNDEbRxsV4wzdoHKdJWgBs=
0,-2,/nfgfVLi7JhYn3JfA5rf9v4GDOI=,/YoBxpNDEbRxsV4wzdoHKdJWgBs=
0,-1,/nfgfVLi7JhYn3JfA5rf9v4GDOI=,/YoBxpNDEbRxsV4wzdoHKdJWgBs=
1,-1,/nfgfVLi7JhYn3JfA5rf9v4GDOI=,/YoBxpNDEbRxsV4wzdoHKdJWgBs=
6,-16,+5o3RU0mqqxilqSLHaTY8clnAGU=,A8UQ52Y/yS2b2nWEo4PzxgiHkcU=
7,-15,+5o3RU0mqqxilqSLHaTY8clnAGU=,A8UQ52Y/yS2b2nWEo4PzxgiHkcU=
6,-15,+5o3RU0mqqxilqSLHaTY8clnAGU=,A8UQ52Y/yS2b2nWEo4PzxgiHkcU=
7,-16,+5o3RU0mqqxilqSLHaTY8clnAGU=,A8UQ52Y/yS2b2nWEo4PzxgiHkcU=
15,-2,WpSuzcEeyIdfUcHKFxDbPHklI1M=,7WZU0DGGngYFA6fPdE13wNUWEJg=
15,-1,WpSuzcEeyIdfUcHKFxDbPHklI1M=,7WZU0DGGngYFA6fPdE13wNUWEJg=
14,-2,WpSuzcEeyIdfUcHKFxDbPHklI1M=,7WZU0DGGngYFA6fPdE13wNUWEJg=
14,-1,WpSuzcEeyIdfUcHKFxDbPHklI1M=,7WZU0DGGngYFA6fPdE13wNUWEJg=
3,-15,x/IXHbjAoLec0siQxGUJ920j16w=,pNVmv7F3ik3/9GAQo2JR3xFKdiQ=
3,-16,x/IXHbjAoLec0siQxGUJ920j16w=,pNVmv7F3ik3/9GAQo2JR3xFKdiQ=
5,-15,+5o3RU0mqqxilqSLHaTY8clnAGU=,A8UQ52Y/yS2b2nWEo4PzxgiHkcU=
5,-16,+5o3RU0mqqxilqSLHaTY8clnAGU=,A8UQ52Y/yS2b2nWEo4PzxgiHkcU=
4,-16,+5o3RU0mqqxilqSLHaTY8clnAGU=,A8UQ52Y/yS2b2nWEo4PzxgiHkcU=
2,-16,x/IXHbjAoLec0siQxGUJ920j16w=,pNVmv7F3ik3/9GAQo2JR3xFKdiQ=
4,-15,+5o3RU0mqqxilqSLHaTY8clnAGU=,A8UQ52Y/yS2b2nWEo4PzxgiHkcU=
1,-16,IkTHy2iXXy3ISdVG20oIh7SM8DE=,pNVmv7F3ik3/9GAQo2JR3xFKdiQ=
0,-16,IkTHy2iXXy3ISdVG20oIh7SM8DE=,pNVmv7F3ik3/9GAQo2JR3xFKdiQ=
1,-15,IkTHy2iXXy3ISdVG20oIh7SM8DE=,pNVmv7F3ik3/9GAQo2JR3xFKdiQ=
2,-15,x/IXHbjAoLec0siQxGUJ920j16w=,pNVmv7F3ik3/9GAQo2JR3xFKdiQ=
0,-15,WpSuzcEeyIdfUcHKFxDbPHklI1M=,pNVmv7F3ik3/9GAQo2JR3xFKdiQ=
4,-13,GE+uB11nMaBmYb1vFww/Bh0oIpk=,A8UQ52Y/yS2b2nWEo4PzxgiHkcU=
5,-13,GE+uB11nMaBmYb1vFww/Bh0oIpk=,A8UQ52Y/yS2b2nWEo4PzxgiHkcU=
5,-14,GE+uB11nMaBmYb1vFww/Bh0oIpk=,A8UQ52Y/yS2b2nWEo4PzxgiHkcU=
3,-13,x/IXHbjAoLec0siQxGUJ920j16w=,pNVmv7F3ik3/9GAQo2JR3xFKdiQ=
4,-14,GE+uB11nMaBmYb1vFww/Bh0oIpk=,A8UQ52Y/yS2b2nWEo4PzxgiHkcU=
3,-11,x/IXHbjAoLec0siQxGUJ920j16w=,jrdqM57Yiw9idG2CrhBg4qaK4fQ=
2,-7,QIvTzUwnWkO+lAxsB5p8GQBi9NA=,89u+SxW1/Gxu88EcONLAEQ33Y9E=
3,-14,x/IXHbjAoLec0siQxGUJ920j16w=,pNVmv7F3ik3/9GAQo2JR3xFKdiQ=
3,-10,b2ssnlJ/rsTB+gEyQkSm6Lq4ywk=,jrdqM57Yiw9idG2CrhBg4qaK4fQ=
2,-14,x/IXHbjAoLec0siQxGUJ920j16w=,pNVmv7F3ik3/9GAQo2JR3xFKdiQ=
5,-12,GE+uB11nMaBmYb1vFww/Bh0oIpk=,fvZqU28d9y3v84YzdW8vf3bH7QM=
4,-12,GE+uB11nMaBmYb1vFww/Bh0oIpk=,fvZqU28d9y3v84YzdW8vf3bH7QM=
5,-11,GE+uB11nMaBmYb1vFww/Bh0oIpk=,fvZqU28d9y3v84YzdW8vf3bH7QM=
5,-9,GE+uB11nMaBmYb1vFww/Bh0oIpk=,fvZqU28d9y3v84YzdW8vf3bH7QM=
4,-7,GE+uB11nMaBmYb1vFww/Bh0oIpk=,jeyHES6hf9bC9qswkv1QxUM/FqY=
1,-8,b2ssnlJ/rsTB+gEyQkSm6Lq4ywk=,89u+SxW1/Gxu88EcONLAEQ33Y9E=
4,-11,GE+uB11nMaBmYb1vFww/Bh0oIpk=,fvZqU28d9y3v84YzdW8vf3bH7QM=
0,-13,x/IXHbjAoLec0siQxGUJ920j16w=,pNVmv7F3ik3/9GAQo2JR3xFKdiQ=
3,-12,x/IXHbjAoLec0siQxGUJ920j16w=,jrdqM57Yiw9idG2CrhBg4qaK4fQ=
1,-7,b2ssnlJ/rsTB+gEyQkSm6Lq4ywk=,89u+SxW1/Gxu88EcONLAEQ33Y9E=
3,-7,b2ssnlJ/rsTB+gEyQkSm6Lq4ywk=,89u+SxW1/Gxu88EcONLAEQ33Y9E=
0,-7,QIvTzUwnWkO+lAxsB5p8GQBi9NA=,89u+SxW1/Gxu88EcONLAEQ33Y9E=
2,-13,x/IXHbjAoLec0siQxGUJ920j16w=,pNVmv7F3ik3/9GAQo2JR3xFKdiQ=
0,-8,b2ssnlJ/rsTB+gEyQkSm6Lq4ywk=,89u+SxW1/Gxu88EcONLAEQ33Y9E=
2,-11,x/IXHbjAoLec0siQxGUJ920j16w=,jrdqM57Yiw9idG2CrhBg4qaK4fQ=
3,-8,b2ssnlJ/rsTB+gEyQkSm6Lq4ywk=,89u+SxW1/Gxu88EcONLAEQ33Y9E=
2,-8,b2ssnlJ/rsTB+gEyQkSm6Lq4ywk=,89u+SxW1/Gxu88EcONLAEQ33Y9E=
5,-10,GE+uB11nMaBmYb1vFww/Bh0oIpk=,fvZqU28d9y3v84YzdW8vf3bH7QM=
2,-9,b2ssnlJ/rsTB+gEyQkSm6Lq4ywk=,jrdqM57Yiw9idG2CrhBg4qaK4fQ=
5,-8,GE+uB11nMaBmYb1vFww/Bh0oIpk=,jeyHES6hf9bC9qswkv1QxUM/FqY=
4,-9,GE+uB11nMaBmYb1vFww/Bh0oIpk=,fvZqU28d9y3v84YzdW8vf3bH7QM=
4,-10,GE+uB11nMaBmYb1vFww/Bh0oIpk=,fvZqU28d9y3v84YzdW8vf3bH7QM=
2,-12,x/IXHbjAoLec0siQxGUJ920j16w=,jrdqM57Yiw9idG2CrhBg4qaK4fQ=
0,-11,x/IXHbjAoLec0siQxGUJ920j16w=,jrdqM57Yiw9idG2CrhBg4qaK4fQ=
3,-9,b2ssnlJ/rsTB+gEyQkSm6Lq4ywk=,jrdqM57Yiw9idG2CrhBg4qaK4fQ=
1,-13,x/IXHbjAoLec0siQxGUJ920j16w=,pNVmv7F3ik3/9GAQo2JR3xFKdiQ=
1,-9,b2ssnlJ/rsTB+gEyQkSm6Lq4ywk=,jrdqM57Yiw9idG2CrhBg4qaK4fQ=
0,-12,x/IXHbjAoLec0siQxGUJ920j16w=,jrdqM57Yiw9idG2CrhBg4qaK4fQ=
5,-7,GE+uB11nMaBmYb1vFww/Bh0oIpk=,jeyHES6hf9bC9qswkv1QxUM/FqY=
0,-9,b2ssnlJ/rsTB+gEyQkSm6Lq4ywk=,jrdqM57Yiw9idG2CrhBg4qaK4fQ=
4,-8,GE+uB11nMaBmYb1vFww/Bh0oIpk=,jeyHES6hf9bC9qswkv1QxUM/FqY=
0,-10,b2ssnlJ/rsTB+gEyQkSm6Lq4ywk=,jrdqM57Yiw9idG2CrhBg4qaK4fQ=
2,-10,b2ssnlJ/rsTB+gEyQkSm6Lq4ywk=,jrdqM57Yiw9idG2CrhBg4qaK4fQ=
1,-11,x/IXHbjAoLec0siQxGUJ920j16w=,jrdqM57Yiw9idG2CrhBg4qaK4fQ=
1,-14,x/IXHbjAoLec0siQxGUJ920j16w=,pNVmv7F3ik3/9GAQo2JR3xFKdiQ=
1,-12,x/IXHbjAoLec0siQxGUJ920j16w=,jrdqM57Yiw9idG2CrhBg4qaK4fQ=
0,-14,cxpHy94+Q2fwIBT9GqexcryoYSA=,pNVmv7F3ik3/9GAQo2JR3xFKdiQ=
1,-10,b2ssnlJ/rsTB+gEyQkSm6Lq4ywk=,jrdqM57Yiw9idG2CrhBg4qaK4fQ=
29,-13,WtpxK4HFIVhiWvdf/AkJ35WkUNc=,fuViienBtgraEtqxOKyq1ClYfeA=
26,-14,tIpd8Z8GtaTvysXNop1I+uuPAwI=,A8UQ52Y/yS2b2nWEo4PzxgiHkcU=
27,-13,tIpd8Z8GtaTvysXNop1I+uuPAwI=,A8UQ52Y/yS2b2nWEo4PzxgiHkcU=
27,-14,tIpd8Z8GtaTvysXNop1I+uuPAwI=,A8UQ52Y/yS2b2nWEo4PzxgiHkcU=
29,-14,WtpxK4HFIVhiWvdf/AkJ35WkUNc=,fuViienBtgraEtqxOKyq1ClYfeA=
28,-13,WtpxK4HFIVhiWvdf/AkJ35WkUNc=,fuViienBtgraEtqxOKyq1ClYfeA=
28,-14,WtpxK4HFIVhiWvdf/AkJ35WkUNc=,fuViienBtgraEtqxOKyq1ClYfeA=
26,-13,tIpd8Z8GtaTvysXNop1I+uuPAwI=,A8UQ52Y/yS2b2nWEo4PzxgiHkcU=
26,-12,WtpxK4HFIVhiWvdf/AkJ35WkUNc=,bDvn4TpdAKkJrKHTV3L1+z53oCI=
29,-12,WtpxK4HFIVhiWvdf/AkJ35WkUNc=,HJLOMVT3QdYe3rMmmVariv/VQR0=
29,-11,WtpxK4HFIVhiWvdf/AkJ35WkUNc=,HJLOMVT3QdYe3rMmmVariv/VQR0=
28,-12,WtpxK4HFIVhiWvdf/AkJ35WkUNc=,HJLOMVT3QdYe3rMmmVariv/VQR0=
26,-11,n+BDkvdEcoCAaBjRuNuI71DdPZY=,bDvn4TpdAKkJrKHTV3L1+z53oCI=
27,-12,n+BDkvdEcoCAaBjRuNuI71DdPZY=,bDvn4TpdAKkJrKHTV3L1+z53oCI=
27,-11,n+BDkvdEcoCAaBjRuNuI71DdPZY=,bDvn4TpdAKkJrKHTV3L1+z53oCI=
28,-11,n+BDkvdEcoCAaBjRuNuI71DdPZY=,HJLOMVT3QdYe3rMmmVariv/VQR0=
28,-9,AM09FXaSfvrQogtLaFEOLznyfe4=,HJLOMVT3QdYe3rMmmVariv/VQR0=
29,-10,AM09FXaSfvrQogtLaFEOLznyfe4=,HJLOMVT3QdYe3rMmmVariv/VQR0=
29,-9,AM09FXaSfvrQogtLaFEOLznyfe4=,HJLOMVT3QdYe3rMmmVariv/VQR0=
27,-9,AM09FXaSfvrQogtLaFEOLznyfe4=,bDvn4TpdAKkJrKHTV3L1+z53oCI=
26,-8,AM09FXaSfvrQogtLaFEOLznyfe4=,jpNpYPy795HCvgz5nJPj0K0CWOU=
28,-8,AM09FXaSfvrQogtLaFEOLznyfe4=,W7Jtwlv231iOO6QGkJKyE5X2s2Y=
27,-7,AM09FXaSfvrQogtLaFEOLznyfe4=,jpNpYPy795HCvgz5nJPj0K0CWOU=
28,-7,AM09FXaSfvrQogtLaFEOLznyfe4=,W7Jtwlv231iOO6QGkJKyE5X2s2Y=
28,-10,AM09FXaSfvrQogtLaFEOLznyfe4=,HJLOMVT3QdYe3rMmmVariv/VQR0=
29,-7,AM09FXaSfvrQogtLaFEOLznyfe4=,W7Jtwlv231iOO6QGkJKyE5X2s2Y=
26,-9,AM09FXaSfvrQogtLaFEOLznyfe4=,bDvn4TpdAKkJrKHTV3L1+z53oCI=
26,-7,AM09FXaSfvrQogtLaFEOLznyfe4=,jpNpYPy795HCvgz5nJPj0K0CWOU=
27,-10,AM09FXaSfvrQogtLaFEOLznyfe4=,bDvn4TpdAKkJrKHTV3L1+z53oCI=
26,-10,AM09FXaSfvrQogtLaFEOLznyfe4=,bDvn4TpdAKkJrKHTV3L1+z53oCI=
27,-8,AM09FXaSfvrQogtLaFEOLznyfe4=,jpNpYPy795HCvgz5nJPj0K0CWOU=
29,-8,AM09FXaSfvrQogtLaFEOLznyfe4=,W7Jtwlv231iOO6QGkJKyE5X2s2Y=
24,-8,4Ew5DcJjzZMmzmOhOFf/mTHg4BU=,jpNpYPy795HCvgz5nJPj0K0CWOU=
24,-7,4Ew5DcJjzZMmzmOhOFf/mTHg4BU=,jpNpYPy795HCvgz5nJPj0K0CWOU=
22,-8,4HRCbM/5OHKgL9QNeUuF0ROY1PQ=,aU2e0jA2x1p9F1dJmOPraUoEr0M=
23,-8,4HRCbM/5OHKgL9QNeUuF0ROY1PQ=,aU2e0jA2x1p9F1dJmOPraUoEr0M=
23,-7,4HRCbM/5OHKgL9QNeUuF0ROY1PQ=,aU2e0jA2x1p9F1dJmOPraUoEr0M=
22,-9,ocvHgQBGx2nvzldj16iV/I/fBnk=,A8UQ52Y/yS2b2nWEo4PzxgiHkcU=
22,-7,4HRCbM/5OHKgL9QNeUuF0ROY1PQ=,aU2e0jA2x1p9F1dJmOPraUoEr0M=
24,-9,4Ew5DcJjzZMmzmOhOFf/mTHg4BU=,bDvn4TpdAKkJrKHTV3L1+z53oCI=
24,-10,4Ew5DcJjzZMmzmOhOFf/mTHg4BU=,bDvn4TpdAKkJrKHTV3L1+z53oCI=
23,-9,ocvHgQBGx2nvzldj16iV/I/fBnk=,A8UQ52Y/yS2b2nWEo4PzxgiHkcU=
23,-10,ocvHgQBGx2nvzldj16iV/I/fBnk=,A8UQ52Y/yS2b2nWEo4PzxgiHkcU=
22,-10,ocvHgQBGx2nvzldj16iV/I/fBnk=,A8UQ52Y/yS2b2nWEo4PzxgiHkcU=
25,-7,SWL4SSJvurC7Qr9B+784vuf4NUg=,jpNpYPy795HCvgz5nJPj0K0CWOU=
25,-10,4Ew5DcJjzZMmzmOhOFf/mTHg4BU=,bDvn4TpdAKkJrKHTV3L1+z53oCI=
25,-9,4Ew5DcJjzZMmzmOhOFf/mTHg4BU=,bDvn4TpdAKkJrKHTV3L1+z53oCI=
25,-8,4Ew5DcJjzZMmzmOhOFf/mTHg4BU=,jpNpYPy795HCvgz5nJPj0K0CWOU=
24,-13,tIpd8Z8GtaTvysXNop1I+uuPAwI=,A8UQ52Y/yS2b2nWEo4PzxgiHkcU=
22,-13,tIpd8Z8GtaTvysXNop1I+uuPAwI=,A8UQ52Y/yS2b2nWEo4PzxgiHkcU=
22,-14,tIpd8Z8GtaTvysXNop1I+uuPAwI=,A8UQ52Y/yS2b2nWEo4PzxgiHkcU=
25,-13,tIpd8Z8GtaTvysXNop1I+uuPAwI=,A8UQ52Y/yS2b2nWEo4PzxgiHkcU=
24,-12,xWou84VtF7JiiK9qP6TIe489QLA=,bDvn4TpdAKkJrKHTV3L1+z53oCI=
23,-14,tIpd8Z8GtaTvysXNop1I+uuPAwI=,A8UQ52Y/yS2b2nWEo4PzxgiHkcU=
23,-13,tIpd8Z8GtaTvysXNop1I+uuPAwI=,A8UQ52Y/yS2b2nWEo4PzxgiHkcU=
24,-14,tIpd8Z8GtaTvysXNop1I+uuPAwI=,A8UQ52Y/yS2b2nWEo4PzxgiHkcU=
25,-14,tIpd8Z8GtaTvysXNop1I+uuPAwI=,A8UQ52Y/yS2b2nWEo4PzxgiHkcU=
23,-11,tIpd8Z8GtaTvysXNop1I+uuPAwI=,A8UQ52Y/yS2b2nWEo4PzxgiHkcU=
23,-12,tIpd8Z8GtaTvysXNop1I+uuPAwI=,A8UQ52Y/yS2b2nWEo4PzxgiHkcU=
19,-9,+JF7ysVw7RTgg36yfefPR6Pk8kE=,A8UQ52Y/yS2b2nWEo4PzxgiHkcU=
18,-9,+JF7ysVw7RTgg36yfefPR6Pk8kE=,A8UQ52Y/yS2b2nWEo4PzxgiHkcU=
20,-9,+JF7ysVw7RTgg36yfefPR6Pk8kE=,A8UQ52Y/yS2b2nWEo4PzxgiHkcU=
19,-10,+JF7ysVw7RTgg36yfefPR6Pk8kE=,A8UQ52Y/yS2b2nWEo4PzxgiHkcU=
18,-10,+JF7ysVw7RTgg36yfefPR6Pk8kE=,A8UQ52Y/yS2b2nWEo4PzxgiHkcU=
20,-8,hlUg4Vgug3GWlMykZgLWw8MVnCM=,aU2e0jA2x1p9F1dJmOPraUoEr0M=
21,-9,+JF7ysVw7RTgg36yfefPR6Pk8kE=,A8UQ52Y/yS2b2nWEo4PzxgiHkcU=
20,-10,+JF7ysVw7RTgg36yfefPR6Pk8kE=,A8UQ52Y/yS2b2nWEo4PzxgiHkcU=
25,-12,xWou84VtF7JiiK9qP6TIe489QLA=,bDvn4TpdAKkJrKHTV3L1+z53oCI=
21,-10,+JF7ysVw7RTgg36yfefPR6Pk8kE=,A8UQ52Y/yS2b2nWEo4PzxgiHkcU=
22,-11,tIpd8Z8GtaTvysXNop1I+uuPAwI=,A8UQ52Y/yS2b2nWEo4PzxgiHkcU=
21,-8,hlUg4Vgug3GWlMykZgLWw8MVnCM=,aU2e0jA2x1p9F1dJmOPraUoEr0M=
25,-11,xWou84VtF7JiiK9qP6TIe489QLA=,bDvn4TpdAKkJrKHTV3L1+z53oCI=
22,-12,tIpd8Z8GtaTvysXNop1I+uuPAwI=,A8UQ52Y/yS2b2nWEo4PzxgiHkcU=
19,-8,hlUg4Vgug3GWlMykZgLWw8MVnCM=,Ja7v9xszZISw2H2Pr3Bs2uboonI=
19,-7,hlUg4Vgug3GWlMykZgLWw8MVnCM=,Ja7v9xszZISw2H2Pr3Bs2uboonI=
20,-7,hlUg4Vgug3GWlMykZgLWw8MVnCM=,aU2e0jA2x1p9F1dJmOPraUoEr0M=
24,-11,xWou84VtF7JiiK9qP6TIe489QLA=,bDvn4TpdAKkJrKHTV3L1+z53oCI=
21,-7,hlUg4Vgug3GWlMykZgLWw8MVnCM=,aU2e0jA2x1p9F1dJmOPraUoEr0M=
18,-7,hlUg4Vgug3GWlMykZgLWw8MVnCM=,Ja7v9xszZISw2H2Pr3Bs2uboonI=
18,-8,hlUg4Vgug3GWlMykZgLWw8MVnCM=,Ja7v9xszZISw2H2Pr3Bs2uboonI=
21,-6,F3MHZMSQzMp+LXtNLA8udLID31w=,aU2e0jA2x1p9F1dJmOPraUoEr0M=
18,-5,F3MHZMSQzMp+LXtNLA8udLID31w=,Ja7v9xszZISw2H2Pr3Bs2uboonI=
20,-6,F3MHZMSQzMp+LXtNLA8udLID31w=,aU2e0jA2x1p9F1dJmOPraUoEr0M=
21,-5,F3MHZMSQzMp+LXtNLA8udLID31w=,aU2e0jA2x1p9F1dJmOPraUoEr0M=
19,-6,F3MHZMSQzMp+LXtNLA8udLID31w=,Ja7v9xszZISw2H2Pr3Bs2uboonI=
21,-3,F3MHZMSQzMp+LXtNLA8udLID31w=,aU2e0jA2x1p9F1dJmOPraUoEr0M=
20,-5,F3MHZMSQzMp+LXtNLA8udLID31w=,aU2e0jA2x1p9F1dJmOPraUoEr0M=
18,-4,F3MHZMSQzMp+LXtNLA8udLID31w=,Ja7v9xszZISw2H2Pr3Bs2uboonI=
19,-5,F3MHZMSQzMp+LXtNLA8udLID31w=,Ja7v9xszZISw2H2Pr3Bs2uboonI=
18,-3,F3MHZMSQzMp+LXtNLA8udLID31w=,Ja7v9xszZISw2H2Pr3Bs2uboonI=
18,-6,F3MHZMSQzMp+LXtNLA8udLID31w=,Ja7v9xszZISw2H2Pr3Bs2uboonI=
19,-4,F3MHZMSQzMp+LXtNLA8udLID31w=,Ja7v9xszZISw2H2Pr3Bs2uboonI=
20,-3,F3MHZMSQzMp+LXtNLA8udLID31w=,aU2e0jA2x1p9F1dJmOPraUoEr0M=
20,-4,F3MHZMSQzMp+LXtNLA8udLID31w=,aU2e0jA2x1p9F1dJmOPraUoEr0M=
19,-3,F3MHZMSQzMp+LXtNLA8udLID31w=,Ja7v9xszZISw2H2Pr3Bs2uboonI=
21,-4,F3MHZMSQzMp+LXtNLA8udLID31w=,aU2e0jA2x1p9F1dJmOPraUoEr0M=
21,-2,4HRCbM/5OHKgL9QNeUuF0ROY1PQ=,aU2e0jA2x1p9F1dJmOPraUoEr0M=
19,-2,4HRCbM/5OHKgL9QNeUuF0ROY1PQ=,Ja7v9xszZISw2H2Pr3Bs2uboonI=
20,-2,4HRCbM/5OHKgL9QNeUuF0ROY1PQ=,aU2e0jA2x1p9F1dJmOPraUoEr0M=
18,-2,4HRCbM/5OHKgL9QNeUuF0ROY1PQ=,Ja7v9xszZISw2H2Pr3Bs2uboonI=
21,-1,4HRCbM/5OHKgL9QNeUuF0ROY1PQ=,aU2e0jA2x1p9F1dJmOPraUoEr0M=
19,-1,4HRCbM/5OHKgL9QNeUuF0ROY1PQ=,Ja7v9xszZISw2H2Pr3Bs2uboonI=
18,-1,4HRCbM/5OHKgL9QNeUuF0ROY1PQ=,Ja7v9xszZISw2H2Pr3Bs2uboonI=
20,-1,4HRCbM/5OHKgL9QNeUuF0ROY1PQ=,aU2e0jA2x1p9F1dJmOPraUoEr0M=
30,-15,6xJK9NUVOJYdWrcvYwbYlJcF9xE=,fuViienBtgraEtqxOKyq1ClYfeA=
31,-15,6xJK9NUVOJYdWrcvYwbYlJcF9xE=,fuViienBtgraEtqxOKyq1ClYfeA=
30,-16,6xJK9NUVOJYdWrcvYwbYlJcF9xE=,fuViienBtgraEtqxOKyq1ClYfeA=
31,-16,6xJK9NUVOJYdWrcvYwbYlJcF9xE=,fuViienBtgraEtqxOKyq1ClYfeA=
31,-13,ZpzttaNm/LaNf4g/b3QAIgDLDEg=,fuViienBtgraEtqxOKyq1ClYfeA=
31,-14,ZpzttaNm/LaNf4g/b3QAIgDLDEg=,fuViienBtgraEtqxOKyq1ClYfeA=
30,-12,ZpzttaNm/LaNf4g/b3QAIgDLDEg=,HJLOMVT3QdYe3rMmmVariv/VQR0=
31,-12,ZpzttaNm/LaNf4g/b3QAIgDLDEg=,HJLOMVT3QdYe3rMmmVariv/VQR0=
31,-11,ZpzttaNm/LaNf4g/b3QAIgDLDEg=,HJLOMVT3QdYe3rMmmVariv/VQR0=
30,-14,ZpzttaNm/LaNf4g/b3QAIgDLDEg=,fuViienBtgraEtqxOKyq1ClYfeA=
30,-13,ZpzttaNm/LaNf4g/b3QAIgDLDEg=,fuViienBtgraEtqxOKyq1ClYfeA=
30,-11,ZpzttaNm/LaNf4g/b3QAIgDLDEg=,HJLOMVT3QdYe3rMmmVariv/VQR0=
31,-10,gkxu4m4B0AVj/o1/iYp88Zq4aMQ=,HJLOMVT3QdYe3rMmmVariv/VQR0=
30,-10,gkxu4m4B0AVj/o1/iYp88Zq4aMQ=,HJLOMVT3QdYe3rMmmVariv/VQR0=
31,-6,6xJK9NUVOJYdWrcvYwbYlJcF9xE=,W7Jtwlv231iOO6QGkJKyE5X2s2Y=
30,-3,3bwxYXxwDQlSGjbNIM7x+yennyU=,h1qL7rxLT8XL35rQvc9mv2nFctA=
31,-7,AM09FXaSfvrQogtLaFEOLznyfe4=,W7Jtwlv231iOO6QGkJKyE5X2s2Y=
30,-4,3bwxYXxwDQlSGjbNIM7x+yennyU=,h1qL7rxLT8XL35rQvc9mv2nFctA=
30,-7,AM09FXaSfvrQogtLaFEOLznyfe4=,W7Jtwlv231iOO6QGkJKyE5X2s2Y=
31,-5,3bwxYXxwDQlSGjbNIM7x+yennyU=,W7Jtwlv231iOO6QGkJKyE5X2s2Y=
30,-6,6xJK9NUVOJYdWrcvYwbYlJcF9xE=,W7Jtwlv231iOO6QGkJKyE5X2s2Y=
22,-1,hlUg4Vgug3GWlMykZgLWw8MVnCM=,aU2e0jA2x1p9F1dJmOPraUoEr0M=
31,-3,3bwxYXxwDQlSGjbNIM7x+yennyU=,h1qL7rxLT8XL35rQvc9mv2nFctA=
24,-1,gkxu4m4B0AVj/o1/iYp88Zq4aMQ=,vtqbj1ur6HE6vknlWKhA5FHL4Gw=
31,-9,AM09FXaSfvrQogtLaFEOLznyfe4=,HJLOMVT3QdYe3rMmmVariv/VQR0=
25,-1,gkxu4m4B0AVj/o1/iYp88Zq4aMQ=,vtqbj1ur6HE6vknlWKhA5FHL4Gw=
26,-5,3bwxYXxwDQlSGjbNIM7x+yennyU=,jpNpYPy795HCvgz5nJPj0K0CWOU=
31,-4,3bwxYXxwDQlSGjbNIM7x+yennyU=,h1qL7rxLT8XL35rQvc9mv2nFctA=
30,-9,AM09FXaSfvrQogtLaFEOLznyfe4=,HJLOMVT3QdYe3rMmmVariv/VQR0=
23,-1,hlUg4Vgug3GWlMykZgLWw8MVnCM=,aU2e0jA2x1p9F1dJmOPraUoEr0M=
23,-5,4HRCbM/5OHKgL9QNeUuF0ROY1PQ=,aU2e0jA2x1p9F1dJmOPraUoEr0M=
29,-5,3bwxYXxwDQlSGjbNIM7x+yennyU=,W7Jtwlv231iOO6QGkJKyE5X2s2Y=
30,-5,3bwxYXxwDQlSGjbNIM7x+yennyU=,W7Jtwlv231iOO6QGkJKyE5X2s2Y=
26,-1,3bwxYXxwDQlSGjbNIM7x+yennyU=,vtqbj1ur6HE6vknlWKhA5FHL4Gw=
31,-8,AM09FXaSfvrQogtLaFEOLznyfe4=,W7Jtwlv231iOO6QGkJKyE5X2s2Y=
24,-2,gkxu4m4B0AVj/o1/iYp88Zq4aMQ=,vtqbj1ur6HE6vknlWKhA5FHL4Gw=
30,-8,AM09FXaSfvrQogtLaFEOLznyfe4=,W7Jtwlv231iOO6QGkJKyE5X2s2Y=
24,-5,FHm9gjXsWLh/dDD7Y+nI7e1Ufso=,jpNpYPy795HCvgz5nJPj0K0CWOU=
28,-1,3bwxYXxwDQlSGjbNIM7x+yennyU=,h1qL7rxLT8XL35rQvc9mv2nFctA=
25,-5,FHm9gjXsWLh/dDD7Y+nI7e1Ufso=,jpNpYPy795HCvgz5nJPj0K0CWOU=
29,-3,3bwxYXxwDQlSGjbNIM7x+yennyU=,h1qL7rxLT8XL35rQvc9mv2nFctA=
23,-2,hlUg4Vgug3GWlMykZgLWw8MVnCM=,aU2e0jA2x1p9F1dJmOPraUoEr0M=
27,-1,3bwxYXxwDQlSGjbNIM7x+yennyU=,vtqbj1ur6HE6vknlWKhA5FHL4Gw=
22,-5,4HRCbM/5OHKgL9QNeUuF0ROY1PQ=,aU2e0jA2x1p9F1dJmOPraUoEr0M=
23,-3,4HRCbM/5OHKgL9QNeUuF0ROY1PQ=,aU2e0jA2x1p9F1dJmOPraUoEr0M=
17,-9,8tv8Lc7NMAPR5sCQ1ah7/hxhpgE=,A8UQ52Y/yS2b2nWEo4PzxgiHkcU=
16,-9,8tv8Lc7NMAPR5sCQ1ah7/hxhpgE=,A8UQ52Y/yS2b2nWEo4PzxgiHkcU=
17,-10,8tv8Lc7NMAPR5sCQ1ah7/hxhpgE=,A8UQ52Y/yS2b2nWEo4PzxgiHkcU=
16,-10,8tv8Lc7NMAPR5sCQ1ah7/hxhpgE=,A8UQ52Y/yS2b2nWEo4PzxgiHkcU=
27,-4,3bwxYXxwDQlSGjbNIM7x+yennyU=,vtqbj1ur6HE6vknlWKhA5FHL4Gw=
16,-8,4HRCbM/5OHKgL9QNeUuF0ROY1PQ=,Ja7v9xszZISw2H2Pr3Bs2uboonI=
27,-5,6xJK9NUVOJYdWrcvYwbYlJcF9xE=,jpNpYPy795HCvgz5nJPj0K0CWOU=
24,-4,FHm9gjXsWLh/dDD7Y+nI7e1Ufso=,vtqbj1ur6HE6vknlWKhA5FHL4Gw=
29,-4,3bwxYXxwDQlSGjbNIM7x+yennyU=,h1qL7rxLT8XL35rQvc9mv2nFctA=
25,-2,gkxu4m4B0AVj/o1/iYp88Zq4aMQ=,vtqbj1ur6HE6vknlWKhA5FHL4Gw=
27,-2,3bwxYXxwDQlSGjbNIM7x+yennyU=,vtqbj1ur6HE6vknlWKhA5FHL4Gw=
17,-7,4HRCbM/5OHKgL9QNeUuF0ROY1PQ=,Ja7v9xszZISw2H2Pr3Bs2uboonI=
26,-3,6xJK9NUVOJYdWrcvYwbYlJcF9xE=,vtqbj1ur6HE6vknlWKhA5FHL4Gw=
23,-6,4HRCbM/5OHKgL9QNeUuF0ROY1PQ=,aU2e0jA2x1p9F1dJmOPraUoEr0M=
28,-5,3bwxYXxwDQlSGjbNIM7x+yennyU=,W7Jtwlv231iOO6QGkJKyE5X2s2Y=
28,-3,3bwxYXxwDQlSGjbNIM7x+yennyU=,h1qL7rxLT8XL35rQvc9mv2nFctA=
26,-4,3bwxYXxwDQlSGjbNIM7x+yennyU=,vtqbj1ur6HE6vknlWKhA5FHL4Gw=
27,-3,3bwxYXxwDQlSGjbNIM7x+yennyU=,vtqbj1ur6HE6vknlWKhA5FHL4Gw=
24,-3,FHm9gjXsWLh/dDD7Y+nI7e1Ufso=,vtqbj1ur6HE6vknlWKhA5FHL4Gw=
22,-6,4HRCbM/5OHKgL9QNeUuF0ROY1PQ=,aU2e0jA2x1p9F1dJmOPraUoEr0M=
22,-2,hlUg4Vgug3GWlMykZgLWw8MVnCM=,aU2e0jA2x1p9F1dJmOPraUoEr0M=
16,-7,4HRCbM/5OHKgL9QNeUuF0ROY1PQ=,Ja7v9xszZISw2H2Pr3Bs2uboonI=
25,-4,FHm9gjXsWLh/dDD7Y+nI7e1Ufso=,vtqbj1ur6HE6vknlWKhA5FHL4Gw=
29,-1,3bwxYXxwDQlSGjbNIM7x+yennyU=,h1qL7rxLT8XL35rQvc9mv2nFctA=
26,-2,3bwxYXxwDQlSGjbNIM7x+yennyU=,vtqbj1ur6HE6vknlWKhA5FHL4Gw=
17,-8,4HRCbM/5OHKgL9QNeUuF0ROY1PQ=,Ja7v9xszZISw2H2Pr3Bs2uboonI=
27,-6,3bwxYXxwDQlSGjbNIM7x+yennyU=,jpNpYPy795HCvgz5nJPj0K0CWOU=
20,-12,/Vuw3EjPRPgdA+JbiipMGdZn/Fk=,A8UQ52Y/yS2b2nWEo4PzxgiHkcU=
25,-3,FHm9gjXsWLh/dDD7Y+nI7e1Ufso=,vtqbj1ur6HE6vknlWKhA5FHL4Gw=
21,-13,/Vuw3EjPRPgdA+JbiipMGdZn/Fk=,A8UQ52Y/yS2b2nWEo4PzxgiHkcU=
21,-12,/Vuw3EjPRPgdA+JbiipMGdZn/Fk=,A8UQ52Y/yS2b2nWEo4PzxgiHkcU=
18,-12,/Vuw3EjPRPgdA+JbiipMGdZn/Fk=,A8UQ52Y/yS2b2nWEo4PzxgiHkcU=
19,-12,/Vuw3EjPRPgdA+JbiipMGdZn/Fk=,A8UQ52Y/yS2b2nWEo4PzxgiHkcU=
20,-11,/Vuw3EjPRPgdA+JbiipMGdZn/Fk=,A8UQ52Y/yS2b2nWEo4PzxgiHkcU=
29,-2,3bwxYXxwDQlSGjbNIM7x+yennyU=,h1qL7rxLT8XL35rQvc9mv2nFctA=
20,-13,/Vuw3EjPRPgdA+JbiipMGdZn/Fk=,A8UQ52Y/yS2b2nWEo4PzxgiHkcU=
21,-14,/Vuw3EjPRPgdA+JbiipMGdZn/Fk=,A8UQ52Y/yS2b2nWEo4PzxgiHkcU=
28,-4,6xJK9NUVOJYdWrcvYwbYlJcF9xE=,h1qL7rxLT8XL35rQvc9mv2nFctA=
20,-14,/Vuw3EjPRPgdA+JbiipMGdZn/Fk=,A8UQ52Y/yS2b2nWEo4PzxgiHkcU=
23,-4,4HRCbM/5OHKgL9QNeUuF0ROY1PQ=,aU2e0jA2x1p9F1dJmOPraUoEr0M=
21,-11,/Vuw3EjPRPgdA+JbiipMGdZn/Fk=,A8UQ52Y/yS2b2nWEo4PzxgiHkcU=
19,-11,/Vuw3EjPRPgdA+JbiipMGdZn/Fk=,A8UQ52Y/yS2b2nWEo4PzxgiHkcU=
18,-11,/Vuw3EjPRPgdA+JbiipMGdZn/Fk=,A8UQ52Y/yS2b2nWEo4PzxgiHkcU=
22,-3,4HRCbM/5OHKgL9QNeUuF0ROY1PQ=,aU2e0jA2x1p9F1dJmOPraUoEr0M=
31,-2,6xJK9NUVOJYdWrcvYwbYlJcF9xE=,h1qL7rxLT8XL35rQvc9mv2nFctA=
29,-6,3bwxYXxwDQlSGjbNIM7x+yennyU=,W7Jtwlv231iOO6QGkJKyE5X2s2Y=
25,-6,FHm9gjXsWLh/dDD7Y+nI7e1Ufso=,jpNpYPy795HCvgz5nJPj0K0CWOU=
31,-1,6xJK9NUVOJYdWrcvYwbYlJcF9xE=,h1qL7rxLT8XL35rQvc9mv2nFctA=
30,-1,3bwxYXxwDQlSGjbNIM7x+yennyU=,h1qL7rxLT8XL35rQvc9mv2nFctA=
28,-6,3bwxYXxwDQlSGjbNIM7x+yennyU=,W7Jtwlv231iOO6QGkJKyE5X2s2Y=
24,-16,tIpd8Z8GtaTvysXNop1I+uuPAwI=,A8UQ52Y/yS2b2nWEo4PzxgiHkcU=
25,-16,tIpd8Z8GtaTvysXNop1I+uuPAwI=,A8UQ52Y/yS2b2nWEo4PzxgiHkcU=
22,-16,tIpd8Z8GtaTvysXNop1I+uuPAwI=,A8UQ52Y/yS2b2nWEo4PzxgiHkcU=
23,-16,tIpd8Z8GtaTvysXNop1I+uuPAwI=,A8UQ52Y/yS2b2nWEo4PzxgiHkcU=
28,-15,6xJK9NUVOJYdWrcvYwbYlJcF9xE=,fuViienBtgraEtqxOKyq1ClYfeA=
29,-15,6xJK9NUVOJYdWrcvYwbYlJcF9xE=,fuViienBtgraEtqxOKyq1ClYfeA=
28,-16,6xJK9NUVOJYdWrcvYwbYlJcF9xE=,fuViienBtgraEtqxOKyq1ClYfeA=
26,-16,tIpd8Z8GtaTvysXNop1I+uuPAwI=,A8UQ52Y/yS2b2nWEo4PzxgiHkcU=
29,-16,6xJK9NUVOJYdWrcvYwbYlJcF9xE=,fuViienBtgraEtqxOKyq1ClYfeA=
27,-16,tIpd8Z8GtaTvysXNop1I+uuPAwI=,A8UQ52Y/yS2b2nWEo4PzxgiHkcU=
22,-15,tIpd8Z8GtaTvysXNop1I+uuPAwI=,A8UQ52Y/yS2b2nWEo4PzxgiHkcU=
28,-2,3bwxYXxwDQlSGjbNIM7x+yennyU=,h1qL7rxLT8XL35rQvc9mv2nFctA=
22,-4,4HRCbM/5OHKgL9QNeUuF0ROY1PQ=,aU2e0jA2x1p9F1dJmOPraUoEr0M=
27,-15,tIpd8Z8GtaTvysXNop1I+uuPAwI=,A8UQ52Y/yS2b2nWEo4PzxgiHkcU=
30,-2,6xJK9NUVOJYdWrcvYwbYlJcF9xE=,h1qL7rxLT8XL35rQvc9mv2nFctA=
24,-6,FHm9gjXsWLh/dDD7Y+nI7e1Ufso=,jpNpYPy795HCvgz5nJPj0K0CWOU=
23,-15,tIpd8Z8GtaTvysXNop1I+uuPAwI=,A8UQ52Y/yS2b2nWEo4PzxgiHkcU=
26,-15,tIpd8Z8GtaTvysXNop1I+uuPAwI=,A8UQ52Y/yS2b2nWEo4PzxgiHkcU=
25,-15,tIpd8Z8GtaTvysXNop1I+uuPAwI=,A8UQ52Y/yS2b2nWEo4PzxgiHkcU=
24,-15,tIpd8Z8GtaTvysXNop1I+uuPAwI=,A8UQ52Y/yS2b2nWEo4PzxgiHkcU=
26,-6,3bwxYXxwDQlSGjbNIM7x+yennyU=,jpNpYPy795HCvgz5nJPj0K0CWOU=
21,-15,hklpgOYlKKkRVyygz2YIVM1GovE=,A8UQ52Y/yS2b2nWEo4PzxgiHkcU=
20,-16,hklpgOYlKKkRVyygz2YIVM1GovE=,A8UQ52Y/yS2b2nWEo4PzxgiHkcU=
20,-15,dVwWKl4Dzly0UtQIVA7YdDT4/SI=,A8UQ52Y/yS2b2nWEo4PzxgiHkcU=
21,-16,hklpgOYlKKkRVyygz2YIVM1GovE=,A8UQ52Y/yS2b2nWEo4PzxgiHkcU=
17,-11,YgjoAEffaXIqZNMyH34iNus7NKM=,A8UQ52Y/yS2b2nWEo4PzxgiHkcU=
16,-12,8tv8Lc7NMAPR5sCQ1ah7/hxhpgE=,A8UQ52Y/yS2b2nWEo4PzxgiHkcU=
16,-11,YgjoAEffaXIqZNMyH34iNus7NKM=,A8UQ52Y/yS2b2nWEo4PzxgiHkcU=
17,-12,YgjoAEffaXIqZNMyH34iNus7NKM=,A8UQ52Y/yS2b2nWEo4PzxgiHkcU=
17,-1,4HRCbM/5OHKgL9QNeUuF0ROY1PQ=,Ja7v9xszZISw2H2Pr3Bs2uboonI=
16,-2,4HRCbM/5OHKgL9QNeUuF0ROY1PQ=,Ja7v9xszZISw2H2Pr3Bs2uboonI=
17,-5,4HRCbM/5OHKgL9QNeUuF0ROY1PQ=,Ja7v9xszZISw2H2Pr3Bs2uboonI=
16,-3,4HRCbM/5OHKgL9QNeUuF0ROY1PQ=,Ja7v9xszZISw2H2Pr3Bs2uboonI=
17,-6,4HRCbM/5OHKgL9QNeUuF0ROY1PQ=,Ja7v9xszZISw2H2Pr3Bs2uboonI=
16,-1,4HRCbM/5OHKgL9QNeUuF0ROY1PQ=,Ja7v9xszZISw2H2Pr3Bs2uboonI=
17,-2,4HRCbM/5OHKgL9QNeUuF0ROY1PQ=,Ja7v9xszZISw2H2Pr3Bs2uboonI=
16,-6,4HRCbM/5OHKgL9QNeUuF0ROY1PQ=,Ja7v9xszZISw2H2Pr3Bs2uboonI=
16,-5,4HRCbM/5OHKgL9QNeUuF0ROY1PQ=,Ja7v9xszZISw2H2Pr3Bs2uboonI=
17,-3,4HRCbM/5OHKgL9QNeUuF0ROY1PQ=,Ja7v9xszZISw2H2Pr3Bs2uboonI=
16,-4,4HRCbM/5OHKgL9QNeUuF0ROY1PQ=,Ja7v9xszZISw2H2Pr3Bs2uboonI=
17,-4,4HRCbM/5OHKgL9QNeUuF0ROY1PQ=,Ja7v9xszZISw2H2Pr3Bs2uboonI=
29,-21,35U4tV8y9qfkJS5BV4GUdWHWZHg=,A8UQ52Y/yS2b2nWEo4PzxgiHkcU=
28,-21,35U4tV8y9qfkJS5BV4GUdWHWZHg=,A8UQ52Y/yS2b2nWEo4PzxgiHkcU=
27,-19,35U4tV8y9qfkJS5BV4GUdWHWZHg=,A8UQ52Y/yS2b2nWEo4PzxgiHkcU=
29,-19,35U4tV8y9qfkJS5BV4GUdWHWZHg=,A8UQ52Y/yS2b2nWEo4PzxgiHkcU=
28,-19,35U4tV8y9qfkJS5BV4GUdWHWZHg=,A8UQ52Y/yS2b2nWEo4PzxgiHkcU=
29,-20,35U4tV8y9qfkJS5BV4GUdWHWZHg=,A8UQ52Y/yS2b2nWEo4PzxgiHkcU=
28,-20,35U4tV8y9qfkJS5BV4GUdWHWZHg=,A8UQ52Y/yS2b2nWEo4PzxgiHkcU=
29,-22,35U4tV8y9qfkJS5BV4GUdWHWZHg=,A8UQ52Y/yS2b2nWEo4PzxgiHkcU=
28,-22,35U4tV8y9qfkJS5BV4GUdWHWZHg=,A8UQ52Y/yS2b2nWEo4PzxgiHkcU=
26,-22,35U4tV8y9qfkJS5BV4GUdWHWZHg=,A8UQ52Y/yS2b2nWEo4PzxgiHkcU=
26,-19,35U4tV8y9qfkJS5BV4GUdWHWZHg=,A8UQ52Y/yS2b2nWEo4PzxgiHkcU=
27,-22,35U4tV8y9qfkJS5BV4GUdWHWZHg=,A8UQ52Y/yS2b2nWEo4PzxgiHkcU=
27,-20,35U4tV8y9qfkJS5BV4GUdWHWZHg=,A8UQ52Y/yS2b2nWEo4PzxgiHkcU=
27,-21,35U4tV8y9qfkJS5BV4GUdWHWZHg=,A8UQ52Y/yS2b2nWEo4PzxgiHkcU=
26,-21,35U4tV8y9qfkJS5BV4GUdWHWZHg=,A8UQ52Y/yS2b2nWEo4PzxgiHkcU=
26,-20,35U4tV8y9qfkJS5BV4GUdWHWZHg=,A8UQ52Y/yS2b2nWEo4PzxgiHkcU=
22,-22,60u8ZgEiGlIN61P7F9CKeQOLNSY=,A8UQ52Y/yS2b2nWEo4PzxgiHkcU=
23,-22,60u8ZgEiGlIN61P7F9CKeQOLNSY=,A8UQ52Y/yS2b2nWEo4PzxgiHkcU=
25,-22,60u8ZgEiGlIN61P7F9CKeQOLNSY=,A8UQ52Y/yS2b2nWEo4PzxgiHkcU=
22,-21,60u8ZgEiGlIN61P7F9CKeQOLNSY=,A8UQ52Y/yS2b2nWEo4PzxgiHkcU=
24,-22,60u8ZgEiGlIN61P7F9CKeQOLNSY=,A8UQ52Y/yS2b2nWEo4PzxgiHkcU=
22,-19,60u8ZgEiGlIN61P7F9CKeQOLNSY=,A8UQ52Y/yS2b2nWEo4PzxgiHkcU=
23,-21,60u8ZgEiGlIN61P7F9CKeQOLNSY=,A8UQ52Y/yS2b2nWEo4PzxgiHkcU=
25,-19,60u8ZgEiGlIN61P7F9CKeQOLNSY=,A8UQ52Y/yS2b2nWEo4PzxgiHkcU=
24,-21,60u8ZgEiGlIN61P7F9CKeQOLNSY=,A8UQ52Y/yS2b2nWEo4PzxgiHkcU=
24,-19,LkEnoSW1lwrUMnH4LA5kcmUP0TE=,A8UQ52Y/yS2b2nWEo4PzxgiHkcU=
25,-21,LkEnoSW1lwrUMnH4LA5kcmUP0TE=,A8UQ52Y/yS2b2nWEo4PzxgiHkcU=
25,-20,LkEnoSW1lwrUMnH4LA5kcmUP0TE=,A8UQ52Y/yS2b2nWEo4PzxgiHkcU=
23,-20,LkEnoSW1lwrUMnH4LA5kcmUP0TE=,A8UQ52Y/yS2b2nWEo4PzxgiHkcU=
22,-20,LkEnoSW1lwrUMnH4LA5kcmUP0TE=,A8UQ52Y/yS2b2nWEo4PzxgiHkcU=
24,-20,LkEnoSW1lwrUMnH4LA5kcmUP0TE=,A8UQ52Y/yS2b2nWEo4PzxgiHkcU=
23,-19,LkEnoSW1lwrUMnH4LA5kcmUP0TE=,A8UQ52Y/yS2b2nWEo4PzxgiHkcU=
22,-25,midtpuXTDNRjrXGcZ2n/aRfAqkM=,A8UQ52Y/yS2b2nWEo4PzxgiHkcU=
23,-25,midtpuXTDNRjrXGcZ2n/aRfAqkM=,A8UQ52Y/yS2b2nWEo4PzxgiHkcU=
23,-26,midtpuXTDNRjrXGcZ2n/aRfAqkM=,A8UQ52Y/yS2b2nWEo4PzxgiHkcU=
22,-26,midtpuXTDNRjrXGcZ2n/aRfAqkM=,A8UQ52Y/yS2b2nWEo4PzxgiHkcU=
23,-24,midtpuXTDNRjrXGcZ2n/aRfAqkM=,A8UQ52Y/yS2b2nWEo4PzxgiHkcU=
22,-24,midtpuXTDNRjrXGcZ2n/aRfAqkM=,A8UQ52Y/yS2b2nWEo4PzxgiHkcU=
22,-23,midtpuXTDNRjrXGcZ2n/aRfAqkM=,A8UQ52Y/yS2b2nWEo4PzxgiHkcU=
24,-26,midtpuXTDNRjrXGcZ2n/aRfAqkM=,A8UQ52Y/yS2b2nWEo4PzxgiHkcU=
24,-25,midtpuXTDNRjrXGcZ2n/aRfAqkM=,A8UQ52Y/yS2b2nWEo4PzxgiHkcU=
23,-23,midtpuXTDNRjrXGcZ2n/aRfAqkM=,A8UQ52Y/yS2b2nWEo4PzxgiHkcU=
25,-26,midtpuXTDNRjrXGcZ2n/aRfAqkM=,A8UQ52Y/yS2b2nWEo4PzxgiHkcU=
24,-24,midtpuXTDNRjrXGcZ2n/aRfAqkM=,A8UQ52Y/yS2b2nWEo4PzxgiHkcU=
25,-23,midtpuXTDNRjrXGcZ2n/aRfAqkM=,A8UQ52Y/yS2b2nWEo4PzxgiHkcU=
25,-24,midtpuXTDNRjrXGcZ2n/aRfAqkM=,A8UQ52Y/yS2b2nWEo4PzxgiHkcU=
24,-23,midtpuXTDNRjrXGcZ2n/aRfAqkM=,A8UQ52Y/yS2b2nWEo4PzxgiHkcU=
25,-25,midtpuXTDNRjrXGcZ2n/aRfAqkM=,A8UQ52Y/yS2b2nWEo4PzxgiHkcU=
29,-23,hnFGqp9/rzkwa0b2FEf1QNTWhWw=,A8UQ52Y/yS2b2nWEo4PzxgiHkcU=
27,-24,hnFGqp9/rzkwa0b2FEf1QNTWhWw=,A8UQ52Y/yS2b2nWEo4PzxgiHkcU=
29,-25,hnFGqp9/rzkwa0b2FEf1QNTWhWw=,A8UQ52Y/yS2b2nWEo4PzxgiHkcU=
27,-25,hnFGqp9/rzkwa0b2FEf1QNTWhWw=,A8UQ52Y/yS2b2nWEo4PzxgiHkcU=
27,-23,hnFGqp9/rzkwa0b2FEf1QNTWhWw=,A8UQ52Y/yS2b2nWEo4PzxgiHkcU=
28,-24,hnFGqp9/rzkwa0b2FEf1QNTWhWw=,A8UQ52Y/yS2b2nWEo4PzxgiHkcU=
28,-23,hnFGqp9/rzkwa0b2FEf1QNTWhWw=,A8UQ52Y/yS2b2nWEo4PzxgiHkcU=
30,-23,hnFGqp9/rzkwa0b2FEf1QNTWhWw=,A8UQ52Y/yS2b2nWEo4PzxgiHkcU=
31,-23,hnFGqp9/rzkwa0b2FEf1QNTWhWw=,A8UQ52Y/yS2b2nWEo4PzxgiHkcU=
29,-24,hnFGqp9/rzkwa0b2FEf1QNTWhWw=,A8UQ52Y/yS2b2nWEo4PzxgiHkcU=
28,-25,hnFGqp9/rzkwa0b2FEf1QNTWhWw=,A8UQ52Y/yS2b2nWEo4PzxgiHkcU=
29,-26,hnFGqp9/rzkwa0b2FEf1QNTWhWw=,A8UQ52Y/yS2b2nWEo4PzxgiHkcU=
28,-26,hnFGqp9/rzkwa0b2FEf1QNTWhWw=,A8UQ52Y/yS2b2nWEo4PzxgiHkcU=
27,-26,hnFGqp9/rzkwa0b2FEf1QNTWhWw=,A8UQ52Y/yS2b2nWEo4PzxgiHkcU=
31,-24,hnFGqp9/rzkwa0b2FEf1QNTWhWw=,A8UQ52Y/yS2b2nWEo4PzxgiHkcU=
26,-23,hnFGqp9/rzkwa0b2FEf1QNTWhWw=,A8UQ52Y/yS2b2nWEo4PzxgiHkcU=
30,-24,hnFGqp9/rzkwa0b2FEf1QNTWhWw=,A8UQ52Y/yS2b2nWEo4PzxgiHkcU=
30,-26,hnFGqp9/rzkwa0b2FEf1QNTWhWw=,A8UQ52Y/yS2b2nWEo4PzxgiHkcU=
26,-26,hnFGqp9/rzkwa0b2FEf1QNTWhWw=,A8UQ52Y/yS2b2nWEo4PzxgiHkcU=
26,-24,hnFGqp9/rzkwa0b2FEf1QNTWhWw=,A8UQ52Y/yS2b2nWEo4PzxgiHkcU=
31,-25,hnFGqp9/rzkwa0b2FEf1QNTWhWw=,A8UQ52Y/yS2b2nWEo4PzxgiHkcU=
30,-25,hnFGqp9/rzkwa0b2FEf1QNTWhWw=,A8UQ52Y/yS2b2nWEo4PzxgiHkcU=
26,-25,hnFGqp9/rzkwa0b2FEf1QNTWhWw=,A8UQ52Y/yS2b2nWEo4PzxgiHkcU=
31,-26,hnFGqp9/rzkwa0b2FEf1QNTWhWw=,A8UQ52Y/yS2b2nWEo4PzxgiHkcU=
20,-28,W8nojPE9NJR+4CzD5TtumJmgy6s=,A8UQ52Y/yS2b2nWEo4PzxgiHkcU=
21,-29,W8nojPE9NJR+4CzD5TtumJmgy6s=,A8UQ52Y/yS2b2nWEo4PzxgiHkcU=
20,-30,W8nojPE9NJR+4CzD5TtumJmgy6s=,A8UQ52Y/yS2b2nWEo4PzxgiHkcU=
18,-24,W8nojPE9NJR+4CzD5TtumJmgy6s=,A8UQ52Y/yS2b2nWEo4PzxgiHkcU=
21,-23,W8nojPE9NJR+4CzD5TtumJmgy6s=,A8UQ52Y/yS2b2nWEo4PzxgiHkcU=
20,-23,W8nojPE9NJR+4CzD5TtumJmgy6s=,A8UQ52Y/yS2b2nWEo4PzxgiHkcU=
21,-26,W8nojPE9NJR+4CzD5TtumJmgy6s=,A8UQ52Y/yS2b2nWEo4PzxgiHkcU=
19,-24,W8nojPE9NJR+4CzD5TtumJmgy6s=,A8UQ52Y/yS2b2nWEo4PzxgiHkcU=
21,-28,W8nojPE9NJR+4CzD5TtumJmgy6s=,A8UQ52Y/yS2b2nWEo4PzxgiHkcU=
20,-29,W8nojPE9NJR+4CzD5TtumJmgy6s=,A8UQ52Y/yS2b2nWEo4PzxgiHkcU=
21,-27,W8nojPE9NJR+4CzD5TtumJmgy6s=,A8UQ52Y/yS2b2nWEo4PzxgiHkcU=
20,-27,W8nojPE9NJR+4CzD5TtumJmgy6s=,A8UQ52Y/yS2b2nWEo4PzxgiHkcU=
21,-30,W8nojPE9NJR+4CzD5TtumJmgy6s=,A8UQ52Y/yS2b2nWEo4PzxgiHkcU=
19,-23,W8nojPE9NJR+4CzD5TtumJmgy6s=,A8UQ52Y/yS2b2nWEo4PzxgiHkcU=
20,-24,W8nojPE9NJR+4CzD5TtumJmgy6s=,A8UQ52Y/yS2b2nWEo4PzxgiHkcU=
18,-23,W8nojPE9NJR+4CzD5TtumJmgy6s=,A8UQ52Y/yS2b2nWEo4PzxgiHkcU=
21,-24,W8nojPE9NJR+4CzD5TtumJmgy6s=,A8UQ52Y/yS2b2nWEo4PzxgiHkcU=
21,-25,W8nojPE9NJR+4CzD5TtumJmgy6s=,A8UQ52Y/yS2b2nWEo4PzxgiHkcU=
20,-26,W8nojPE9NJR+4CzD5TtumJmgy6s=,A8UQ52Y/yS2b2nWEo4PzxgiHkcU=
20,-25,W8nojPE9NJR+4CzD5TtumJmgy6s=,A8UQ52Y/yS2b2nWEo4PzxgiHkcU=
23,-29,QKmPfqMbmlaj3Kr+1hz2zewvpYI=,A8UQ52Y/yS2b2nWEo4PzxgiHkcU=
22,-29,QKmPfqMbmlaj3Kr+1hz2zewvpYI=,A8UQ52Y/yS2b2nWEo4PzxgiHkcU=
23,-30,QKmPfqMbmlaj3Kr+1hz2zewvpYI=,A8UQ52Y/yS2b2nWEo4PzxgiHkcU=
22,-30,QKmPfqMbmlaj3Kr+1hz2zewvpYI=,A8UQ52Y/yS2b2nWEo4PzxgiHkcU=
24,-31,QKmPfqMbmlaj3Kr+1hz2zewvpYI=,A8UQ52Y/yS2b2nWEo4PzxgiHkcU=
23,-27,QKmPfqMbmlaj3Kr+1hz2zewvpYI=,A8UQ52Y/yS2b2nWEo4PzxgiHkcU=
22,-27,QKmPfqMbmlaj3Kr+1hz2zewvpYI=,A8UQ52Y/yS2b2nWEo4PzxgiHkcU=
23,-32,QKmPfqMbmlaj3Kr+1hz2zewvpYI=,A8UQ52Y/yS2b2nWEo4PzxgiHkcU=
22,-31,QKmPfqMbmlaj3Kr+1hz2zewvpYI=,A8UQ52Y/yS2b2nWEo4PzxgiHkcU=
23,-31,QKmPfqMbmlaj3Kr+1hz2zewvpYI=,A8UQ52Y/yS2b2nWEo4PzxgiHkcU=
22,-32,QKmPfqMbmlaj3Kr+1hz2zewvpYI=,A8UQ52Y/yS2b2nWEo4PzxgiHkcU=
23,-28,QKmPfqMbmlaj3Kr+1hz2zewvpYI=,A8UQ52Y/yS2b2nWEo4PzxgiHkcU=
22,-28,QKmPfqMbmlaj3Kr+1hz2zewvpYI=,A8UQ52Y/yS2b2nWEo4PzxgiHkcU=
24,-32,QKmPfqMbmlaj3Kr+1hz2zewvpYI=,A8UQ52Y/yS2b2nWEo4PzxgiHkcU=
25,-31,QKmPfqMbmlaj3Kr+1hz2zewvpYI=,A8UQ52Y/yS2b2nWEo4PzxgiHkcU=
25,-32,QKmPfqMbmlaj3Kr+1hz2zewvpYI=,A8UQ52Y/yS2b2nWEo4PzxgiHkcU=
24,-28,QKmPfqMbmlaj3Kr+1hz2zewvpYI=,A8UQ52Y/yS2b2nWEo4PzxgiHkcU=
25,-27,QKmPfqMbmlaj3Kr+1hz2zewvpYI=,A8UQ52Y/yS2b2nWEo4PzxgiHkcU=
24,-29,QKmPfqMbmlaj3Kr+1hz2zewvpYI=,A8UQ52Y/yS2b2nWEo4PzxgiHkcU=
25,-30,QKmPfqMbmlaj3Kr+1hz2zewvpYI=,A8UQ52Y/yS2b2nWEo4PzxgiHkcU=
25,-29,QKmPfqMbmlaj3Kr+1hz2zewvpYI=,A8UQ52Y/yS2b2nWEo4PzxgiHkcU=
24,-30,QKmPfqMbmlaj3Kr+1hz2zewvpYI=,A8UQ52Y/yS2b2nWEo4PzxgiHkcU=
24,-27,QKmPfqMbmlaj3Kr+1hz2zewvpYI=,A8UQ52Y/yS2b2nWEo4PzxgiHkcU=
25,-28,QKmPfqMbmlaj3Kr+1hz2zewvpYI=,A8UQ52Y/yS2b2nWEo4PzxgiHkcU=
27,-17,+WXzhI1l6TeCnhHv+Hsm2MGPVEM=,A8UQ52Y/yS2b2nWEo4PzxgiHkcU=
26,-17,+WXzhI1l6TeCnhHv+Hsm2MGPVEM=,A8UQ52Y/yS2b2nWEo4PzxgiHkcU=
27,-18,+WXzhI1l6TeCnhHv+Hsm2MGPVEM=,A8UQ52Y/yS2b2nWEo4PzxgiHkcU=
26,-18,+WXzhI1l6TeCnhHv+Hsm2MGPVEM=,A8UQ52Y/yS2b2nWEo4PzxgiHkcU=
29,-18,+WXzhI1l6TeCnhHv+Hsm2MGPVEM=,A8UQ52Y/yS2b2nWEo4PzxgiHkcU=
28,-18,+WXzhI1l6TeCnhHv+Hsm2MGPVEM=,A8UQ52Y/yS2b2nWEo4PzxgiHkcU=
29,-17,+WXzhI1l6TeCnhHv+Hsm2MGPVEM=,A8UQ52Y/yS2b2nWEo4PzxgiHkcU=
28,-17,+WXzhI1l6TeCnhHv+Hsm2MGPVEM=,A8UQ52Y/yS2b2nWEo4PzxgiHkcU=
30,-20,+WXzhI1l6TeCnhHv+Hsm2MGPVEM=,A8UQ52Y/yS2b2nWEo4PzxgiHkcU=
31,-21,+WXzhI1l6TeCnhHv+Hsm2MGPVEM=,A8UQ52Y/yS2b2nWEo4PzxgiHkcU=
30,-21,+WXzhI1l6TeCnhHv+Hsm2MGPVEM=,A8UQ52Y/yS2b2nWEo4PzxgiHkcU=
31,-19,+WXzhI1l6TeCnhHv+Hsm2MGPVEM=,A8UQ52Y/yS2b2nWEo4PzxgiHkcU=
30,-19,+WXzhI1l6TeCnhHv+Hsm2MGPVEM=,A8UQ52Y/yS2b2nWEo4PzxgiHkcU=
31,-22,+WXzhI1l6TeCnhHv+Hsm2MGPVEM=,A8UQ52Y/yS2b2nWEo4PzxgiHkcU=
30,-22,+WXzhI1l6TeCnhHv+Hsm2MGPVEM=,A8UQ52Y/yS2b2nWEo4PzxgiHkcU=
31,-20,+WXzhI1l6TeCnhHv+Hsm2MGPVEM=,A8UQ52Y/yS2b2nWEo4PzxgiHkcU=
16,-24,63lXUYWRkT8rSp9C3bxb31ljGFk=,A8UQ52Y/yS2b2nWEo4PzxgiHkcU=
17,-23,63lXUYWRkT8rSp9C3bxb31ljGFk=,A8UQ52Y/yS2b2nWEo4PzxgiHkcU=
16,-23,63lXUYWRkT8rSp9C3bxb31ljGFk=,A8UQ52Y/yS2b2nWEo4PzxgiHkcU=
17,-24,63lXUYWRkT8rSp9C3bxb31ljGFk=,A8UQ52Y/yS2b2nWEo4PzxgiHkcU=
30,-17,63lXUYWRkT8rSp9C3bxb31ljGFk=,A8UQ52Y/yS2b2nWEo4PzxgiHkcU=
31,-18,63lXUYWRkT8rSp9C3bxb31ljGFk=,A8UQ52Y/yS2b2nWEo4PzxgiHkcU=
30,-18,63lXUYWRkT8rSp9C3bxb31ljGFk=,A8UQ52Y/yS2b2nWEo4PzxgiHkcU=
31,-17,63lXUYWRkT8rSp9C3bxb31ljGFk=,A8UQ52Y/yS2b2nWEo4PzxgiHkcU=
20,-32,63lXUYWRkT8rSp9C3bxb31ljGFk=,A8UQ52Y/yS2b2nWEo4PzxgiHkcU=
21,-31,63lXUYWRkT8rSp9C3bxb31ljGFk=,A8UQ52Y/yS2b2nWEo4PzxgiHkcU=
20,-31,63lXUYWRkT8rSp9C3bxb31ljGFk=,A8UQ52Y/yS2b2nWEo4PzxgiHkcU=
21,-32,63lXUYWRkT8rSp9C3bxb31ljGFk=,A8UQ52Y/yS2b2nWEo4PzxgiHkcU=
31,-31,iNleQGLIMxyD82en0k88UTRbDx0=,A8UQ52Y/yS2b2nWEo4PzxgiHkcU=
31,-32,iNleQGLIMxyD82en0k88UTRbDx0=,A8UQ52Y/yS2b2nWEo4PzxgiHkcU=
31,-30,iNleQGLIMxyD82en0k88UTRbDx0=,A8UQ52Y/yS2b2nWEo4PzxgiHkcU=
30,-30,iNleQGLIMxyD82en0k88UTRbDx0=,A8UQ52Y/yS2b2nWEo4PzxgiHkcU=
31,-28,iNleQGLIMxyD82en0k88UTRbDx0=,A8UQ52Y/yS2b2nWEo4PzxgiHkcU=
31,-29,iNleQGLIMxyD82en0k88UTRbDx0=,A8UQ52Y/yS2b2nWEo4PzxgiHkcU=
27,-27,iNleQGLIMxyD82en0k88UTRbDx0=,A8UQ52Y/yS2b2nWEo4PzxgiHkcU=
31,-27,iNleQGLIMxyD82en0k88UTRbDx0=,A8UQ52Y/yS2b2nWEo4PzxgiHkcU=
28,-28,41ACyst42A/N3sLLnFhILVmGqzU=,A8UQ52Y/yS2b2nWEo4PzxgiHkcU=
29,-29,41ACyst42A/N3sLLnFhILVmGqzU=,A8UQ52Y/yS2b2nWEo4PzxgiHkcU=
30,-29,41ACyst42A/N3sLLnFhILVmGqzU=,A8UQ52Y/yS2b2nWEo4PzxgiHkcU=
29,-28,41ACyst42A/N3sLLnFhILVmGqzU=,A8UQ52Y/yS2b2nWEo4PzxgiHkcU=
27,-29,41ACyst42A/N3sLLnFhILVmGqzU=,A8UQ52Y/yS2b2nWEo4PzxgiHkcU=
27,-31,41ACyst42A/N3sLLnFhILVmGqzU=,A8UQ52Y/yS2b2nWEo4PzxgiHkcU=
26,-31,41ACyst42A/N3sLLnFhILVmGqzU=,A8UQ52Y/yS2b2nWEo4PzxgiHkcU=
28,-29,41ACyst42A/N3sLLnFhILVmGqzU=,A8UQ52Y/yS2b2nWEo4PzxgiHkcU=
30,-28,41ACyst42A/N3sLLnFhILVmGqzU=,A8UQ52Y/yS2b2nWEo4PzxgiHkcU=
30,-31,41ACyst42A/N3sLLnFhILVmGqzU=,A8UQ52Y/yS2b2nWEo4PzxgiHkcU=
26,-30,41ACyst42A/N3sLLnFhILVmGqzU=,A8UQ52Y/yS2b2nWEo4PzxgiHkcU=
29,-30,41ACyst42A/N3sLLnFhILVmGqzU=,A8UQ52Y/yS2b2nWEo4PzxgiHkcU=
26,-29,41ACyst42A/N3sLLnFhILVmGqzU=,A8UQ52Y/yS2b2nWEo4PzxgiHkcU=
27,-32,41ACyst42A/N3sLLnFhILVmGqzU=,A8UQ52Y/yS2b2nWEo4PzxgiHkcU=
28,-27,41ACyst42A/N3sLLnFhILVmGqzU=,A8UQ52Y/yS2b2nWEo4PzxgiHkcU=
27,-30,41ACyst42A/N3sLLnFhILVmGqzU=,A8UQ52Y/yS2b2nWEo4PzxgiHkcU=
28,-31,41ACyst42A/N3sLLnFhILVmGqzU=,A8UQ52Y/yS2b2nWEo4PzxgiHkcU=
26,-32,41ACyst42A/N3sLLnFhILVmGqzU=,A8UQ52Y/yS2b2nWEo4PzxgiHkcU=
30,-27,41ACyst42A/N3sLLnFhILVmGqzU=,A8UQ52Y/yS2b2nWEo4PzxgiHkcU=
26,-28,41ACyst42A/N3sLLnFhILVmGqzU=,A8UQ52Y/yS2b2nWEo4PzxgiHkcU=
30,-32,41ACyst42A/N3sLLnFhILVmGqzU=,A8UQ52Y/yS2b2nWEo4PzxgiHkcU=
27,-28,41ACyst42A/N3sLLnFhILVmGqzU=,A8UQ52Y/yS2b2nWEo4PzxgiHkcU=
28,-30,41ACyst42A/N3sLLnFhILVmGqzU=,A8UQ52Y/yS2b2nWEo4PzxgiHkcU=
29,-32,41ACyst42A/N3sLLnFhILVmGqzU=,A8UQ52Y/yS2b2nWEo4PzxgiHkcU=
26,-27,41ACyst42A/N3sLLnFhILVmGqzU=,A8UQ52Y/yS2b2nWEo4PzxgiHkcU=
29,-27,41ACyst42A/N3sLLnFhILVmGqzU=,A8UQ52Y/yS2b2nWEo4PzxgiHkcU=
28,-32,41ACyst42A/N3sLLnFhILVmGqzU=,A8UQ52Y/yS2b2nWEo4PzxgiHkcU=
29,-31,41ACyst42A/N3sLLnFhILVmGqzU=,A8UQ52Y/yS2b2nWEo4PzxgiHkcU=
25,-17,41ACyst42A/N3sLLnFhILVmGqzU=,A8UQ52Y/yS2b2nWEo4PzxgiHkcU=
23,-18,41ACyst42A/N3sLLnFhILVmGqzU=,A8UQ52Y/yS2b2nWEo4PzxgiHkcU=
22,-17,41ACyst42A/N3sLLnFhILVmGqzU=,A8UQ52Y/yS2b2nWEo4PzxgiHkcU=
25,-18,41ACyst42A/N3sLLnFhILVmGqzU=,A8UQ52Y/yS2b2nWEo4PzxgiHkcU=
22,-18,41ACyst42A/N3sLLnFhILVmGqzU=,A8UQ52Y/yS2b2nWEo4PzxgiHkcU=
24,-17,41ACyst42A/N3sLLnFhILVmGqzU=,A8UQ52Y/yS2b2nWEo4PzxgiHkcU=
24,-18,41ACyst42A/N3sLLnFhILVmGqzU=,A8UQ52Y/yS2b2nWEo4PzxgiHkcU=
23,-17,41ACyst42A/N3sLLnFhILVmGqzU=,A8UQ52Y/yS2b2nWEo4PzxgiHkcU=
19,-21,JYs51WgtK6hdVXEuwmHGLlNN1MM=,A8UQ52Y/yS2b2nWEo4PzxgiHkcU=
19,-22,JYs51WgtK6hdVXEuwmHGLlNN1MM=,A8UQ52Y/yS2b2nWEo4PzxgiHkcU=
17,-21,JYs51WgtK6hdVXEuwmHGLlNN1MM=,A8UQ52Y/yS2b2nWEo4PzxgiHkcU=
18,-21,JYs51WgtK6hdVXEuwmHGLlNN1MM=,A8UQ52Y/yS2b2nWEo4PzxgiHkcU=
18,-22,JYs51WgtK6hdVXEuwmHGLlNN1MM=,A8UQ52Y/yS2b2nWEo4PzxgiHkcU=
16,-21,JYs51WgtK6hdVXEuwmHGLlNN1MM=,A8UQ52Y/yS2b2nWEo4PzxgiHkcU=
17,-22,JYs51WgtK6hdVXEuwmHGLlNN1MM=,A8UQ52Y/yS2b2nWEo4PzxgiHkcU=
16,-22,JYs51WgtK6hdVXEuwmHGLlNN1MM=,A8UQ52Y/yS2b2nWEo4PzxgiHkcU=
21,-21,JYs51WgtK6hdVXEuwmHGLlNN1MM=,A8UQ52Y/yS2b2nWEo4PzxgiHkcU=
20,-21,JYs51WgtK6hdVXEuwmHGLlNN1MM=,A8UQ52Y/yS2b2nWEo4PzxgiHkcU=
20,-22,JYs51WgtK6hdVXEuwmHGLlNN1MM=,A8UQ52Y/yS2b2nWEo4PzxgiHkcU=
16,-20,JYs51WgtK6hdVXEuwmHGLlNN1MM=,A8UQ52Y/yS2b2nWEo4PzxgiHkcU=
17,-20,JYs51WgtK6hdVXEuwmHGLlNN1MM=,A8UQ52Y/yS2b2nWEo4PzxgiHkcU=
18,-20,JYs51WgtK6hdVXEuwmHGLlNN1MM=,A8UQ52Y/yS2b2nWEo4PzxgiHkcU=
19,-20,JYs51WgtK6hdVXEuwmHGLlNN1MM=,A8UQ52Y/yS2b2nWEo4PzxgiHkcU=
16,-19,JYs51WgtK6hdVXEuwmHGLlNN1MM=,A8UQ52Y/yS2b2nWEo4PzxgiHkcU=
17,-19,JYs51WgtK6hdVXEuwmHGLlNN1MM=,A8UQ52Y/yS2b2nWEo4PzxgiHkcU=
21,-22,JYs51WgtK6hdVXEuwmHGLlNN1MM=,A8UQ52Y/yS2b2nWEo4PzxgiHkcU=
21,-20,JYs51WgtK6hdVXEuwmHGLlNN1MM=,A8UQ52Y/yS2b2nWEo4PzxgiHkcU=
16,-18,JYs51WgtK6hdVXEuwmHGLlNN1MM=,A8UQ52Y/yS2b2nWEo4PzxgiHkcU=
20,-20,JYs51WgtK6hdVXEuwmHGLlNN1MM=,A8UQ52Y/yS2b2nWEo4PzxgiHkcU=
21,-17,JYs51WgtK6hdVXEuwmHGLlNN1MM=,A8UQ52Y/yS2b2nWEo4PzxgiHkcU=
18,-19,JYs51WgtK6hdVXEuwmHGLlNN1MM=,A8UQ52Y/yS2b2nWEo4PzxgiHkcU=
21,-18,JYs51WgtK6hdVXEuwmHGLlNN1MM=,A8UQ52Y/yS2b2nWEo4PzxgiHkcU=
16,-17,JYs51WgtK6hdVXEuwmHGLlNN1MM=,A8UQ52Y/yS2b2nWEo4PzxgiHkcU=
17,-18,JYs51WgtK6hdVXEuwmHGLlNN1MM=,A8UQ52Y/yS2b2nWEo4PzxgiHkcU=
17,-17,JYs51WgtK6hdVXEuwmHGLlNN1MM=,A8UQ52Y/yS2b2nWEo4PzxgiHkcU=
20,-17,JYs51WgtK6hdVXEuwmHGLlNN1MM=,A8UQ52Y/yS2b2nWEo4PzxgiHkcU=
20,-19,JYs51WgtK6hdVXEuwmHGLlNN1MM=,A8UQ52Y/yS2b2nWEo4PzxgiHkcU=
19,-19,JYs51WgtK6hdVXEuwmHGLlNN1MM=,A8UQ52Y/yS2b2nWEo4PzxgiHkcU=
18,-17,JYs51WgtK6hdVXEuwmHGLlNN1MM=,A8UQ52Y/yS2b2nWEo4PzxgiHkcU=
18,-18,JYs51WgtK6hdVXEuwmHGLlNN1MM=,A8UQ52Y/yS2b2nWEo4PzxgiHkcU=
19,-17,JYs51WgtK6hdVXEuwmHGLlNN1MM=,A8UQ52Y/yS2b2nWEo4PzxgiHkcU=
21,-19,JYs51WgtK6hdVXEuwmHGLlNN1MM=,A8UQ52Y/yS2b2nWEo4PzxgiHkcU=
19,-18,JYs51WgtK6hdVXEuwmHGLlNN1MM=,A8UQ52Y/yS2b2nWEo4PzxgiHkcU=
20,-18,JYs51WgtK6hdVXEuwmHGLlNN1MM=,A8UQ52Y/yS2b2nWEo4PzxgiHkcU=
19,-13,/Vuw3EjPRPgdA+JbiipMGdZn/Fk=,A8UQ52Y/yS2b2nWEo4PzxgiHkcU=
19,-14,/Vuw3EjPRPgdA+JbiipMGdZn/Fk=,A8UQ52Y/yS2b2nWEo4PzxgiHkcU=
18,-14,/Vuw3EjPRPgdA+JbiipMGdZn/Fk=,A8UQ52Y/yS2b2nWEo4PzxgiHkcU=
18,-13,/Vuw3EjPRPgdA+JbiipMGdZn/Fk=,A8UQ52Y/yS2b2nWEo4PzxgiHkcU=
18,-16,hklpgOYlKKkRVyygz2YIVM1GovE=,A8UQ52Y/yS2b2nWEo4PzxgiHkcU=
19,-16,hklpgOYlKKkRVyygz2YIVM1GovE=,A8UQ52Y/yS2b2nWEo4PzxgiHkcU=
19,-15,hklpgOYlKKkRVyygz2YIVM1GovE=,A8UQ52Y/yS2b2nWEo4PzxgiHkcU=
18,-15,hklpgOYlKKkRVyygz2YIVM1GovE=,A8UQ52Y/yS2b2nWEo4PzxgiHkcU=
17,-16,8tv8Lc7NMAPR5sCQ1ah7/hxhpgE=,A8UQ52Y/yS2b2nWEo4PzxgiHkcU=
16,-16,8tv8Lc7NMAPR5sCQ1ah7/hxhpgE=,A8UQ52Y/yS2b2nWEo4PzxgiHkcU=
16,-14,8tv8Lc7NMAPR5sCQ1ah7/hxhpgE=,A8UQ52Y/yS2b2nWEo4PzxgiHkcU=
16,-13,8tv8Lc7NMAPR5sCQ1ah7/hxhpgE=,A8UQ52Y/yS2b2nWEo4PzxgiHkcU=
17,-14,8tv8Lc7NMAPR5sCQ1ah7/hxhpgE=,A8UQ52Y/yS2b2nWEo4PzxgiHkcU=
17,-13,8tv8Lc7NMAPR5sCQ1ah7/hxhpgE=,A8UQ52Y/yS2b2nWEo4PzxgiHkcU=
16,-15,8tv8Lc7NMAPR5sCQ1ah7/hxhpgE=,A8UQ52Y/yS2b2nWEo4PzxgiHkcU=
17,-15,8tv8Lc7NMAPR5sCQ1ah7/hxhpgE=,A8UQ52Y/yS2b2nWEo4PzxgiHkcU=
12,-20,D3lBcFh4FgHNLaUdY9vWstMX4RE=,A8UQ52Y/yS2b2nWEo4PzxgiHkcU=
13,-19,D3lBcFh4FgHNLaUdY9vWstMX4RE=,A8UQ52Y/yS2b2nWEo4PzxgiHkcU=
12,-19,D3lBcFh4FgHNLaUdY9vWstMX4RE=,A8UQ52Y/yS2b2nWEo4PzxgiHkcU=
13,-20,D3lBcFh4FgHNLaUdY9vWstMX4RE=,A8UQ52Y/yS2b2nWEo4PzxgiHkcU=
15,-19,D3lBcFh4FgHNLaUdY9vWstMX4RE=,A8UQ52Y/yS2b2nWEo4PzxgiHkcU=
15,-20,D3lBcFh4FgHNLaUdY9vWstMX4RE=,A8UQ52Y/yS2b2nWEo4PzxgiHkcU=
14,-19,D3lBcFh4FgHNLaUdY9vWstMX4RE=,A8UQ52Y/yS2b2nWEo4PzxgiHkcU=
14,-20,D3lBcFh4FgHNLaUdY9vWstMX4RE=,A8UQ52Y/yS2b2nWEo4PzxgiHkcU=
12,-18,g5w2okBO36IvfSoUAjlS6A4BT2U=,A8UQ52Y/yS2b2nWEo4PzxgiHkcU=
13,-17,g5w2okBO36IvfSoUAjlS6A4BT2U=,A8UQ52Y/yS2b2nWEo4PzxgiHkcU=
14,-17,g5w2okBO36IvfSoUAjlS6A4BT2U=,A8UQ52Y/yS2b2nWEo4PzxgiHkcU=
12,-17,g5w2okBO36IvfSoUAjlS6A4BT2U=,A8UQ52Y/yS2b2nWEo4PzxgiHkcU=
13,-18,g5w2okBO36IvfSoUAjlS6A4BT2U=,A8UQ52Y/yS2b2nWEo4PzxgiHkcU=
14,-18,g5w2okBO36IvfSoUAjlS6A4BT2U=,A8UQ52Y/yS2b2nWEo4PzxgiHkcU=
15,-18,g5w2okBO36IvfSoUAjlS6A4BT2U=,A8UQ52Y/yS2b2nWEo4PzxgiHkcU=
15,-17,g5w2okBO36IvfSoUAjlS6A4BT2U=,A8UQ52Y/yS2b2nWEo4PzxgiHkcU=
11,-14,6Wy86PrJ1XsbhUKBkJKo6CDGwQc=,A8UQ52Y/yS2b2nWEo4PzxgiHkcU=
10,-14,6Wy86PrJ1XsbhUKBkJKo6CDGwQc=,A8UQ52Y/yS2b2nWEo4PzxgiHkcU=
11,-13,6Wy86PrJ1XsbhUKBkJKo6CDGwQc=,A8UQ52Y/yS2b2nWEo4PzxgiHkcU=
10,-13,6Wy86PrJ1XsbhUKBkJKo6CDGwQc=,A8UQ52Y/yS2b2nWEo4PzxgiHkcU=
12,-14,6Wy86PrJ1XsbhUKBkJKo6CDGwQc=,A8UQ52Y/yS2b2nWEo4PzxgiHkcU=
13,-14,6Wy86PrJ1XsbhUKBkJKo6CDGwQc=,A8UQ52Y/yS2b2nWEo4PzxgiHkcU=
12,-13,KPHRIw3+WfBYuQa37ZlUpT8JRgo=,A8UQ52Y/yS2b2nWEo4PzxgiHkcU=
13,-13,KPHRIw3+WfBYuQa37ZlUpT8JRgo=,A8UQ52Y/yS2b2nWEo4PzxgiHkcU=
8,-14,4YNBvDfxyiEO0oR/4NbjCuP8G/A=,A8UQ52Y/yS2b2nWEo4PzxgiHkcU=
9,-14,4YNBvDfxyiEO0oR/4NbjCuP8G/A=,A8UQ52Y/yS2b2nWEo4PzxgiHkcU=
8,-13,4YNBvDfxyiEO0oR/4NbjCuP8G/A=,A8UQ52Y/yS2b2nWEo4PzxgiHkcU=
9,-13,4YNBvDfxyiEO0oR/4NbjCuP8G/A=,A8UQ52Y/yS2b2nWEo4PzxgiHkcU=
10,-16,7b18FKgxGXEhzFLQQuL83+kgMbo=,A8UQ52Y/yS2b2nWEo4PzxgiHkcU=
11,-15,7b18FKgxGXEhzFLQQuL83+kgMbo=,A8UQ52Y/yS2b2nWEo4PzxgiHkcU=
10,-15,7b18FKgxGXEhzFLQQuL83+kgMbo=,A8UQ52Y/yS2b2nWEo4PzxgiHkcU=
12,-16,7b18FKgxGXEhzFLQQuL83+kgMbo=,A8UQ52Y/yS2b2nWEo4PzxgiHkcU=
11,-16,7b18FKgxGXEhzFLQQuL83+kgMbo=,A8UQ52Y/yS2b2nWEo4PzxgiHkcU=
12,-15,7b18FKgxGXEhzFLQQuL83+kgMbo=,A8UQ52Y/yS2b2nWEo4PzxgiHkcU=
13,-16,7b18FKgxGXEhzFLQQuL83+kgMbo=,A8UQ52Y/yS2b2nWEo4PzxgiHkcU=
13,-15,ZLT/cjK7nqE/OFl1w6zr0gLIUNk=,A8UQ52Y/yS2b2nWEo4PzxgiHkcU=
14,-16,ZLT/cjK7nqE/OFl1w6zr0gLIUNk=,A8UQ52Y/yS2b2nWEo4PzxgiHkcU=
15,-13,ZLT/cjK7nqE/OFl1w6zr0gLIUNk=,A8UQ52Y/yS2b2nWEo4PzxgiHkcU=
14,-13,ZLT/cjK7nqE/OFl1w6zr0gLIUNk=,A8UQ52Y/yS2b2nWEo4PzxgiHkcU=
15,-14,ZLT/cjK7nqE/OFl1w6zr0gLIUNk=,A8UQ52Y/yS2b2nWEo4PzxgiHkcU=
15,-15,ZLT/cjK7nqE/OFl1w6zr0gLIUNk=,A8UQ52Y/yS2b2nWEo4PzxgiHkcU=
15,-16,ZLT/cjK7nqE/OFl1w6zr0gLIUNk=,A8UQ52Y/yS2b2nWEo4PzxgiHkcU=
14,-15,+5o3RU0mqqxilqSLHaTY8clnAGU=,A8UQ52Y/yS2b2nWEo4PzxgiHkcU=
14,-14,+5o3RU0mqqxilqSLHaTY8clnAGU=,A8UQ52Y/yS2b2nWEo4PzxgiHkcU=
8,-15,+5o3RU0mqqxilqSLHaTY8clnAGU=,A8UQ52Y/yS2b2nWEo4PzxgiHkcU=
9,-15,+5o3RU0mqqxilqSLHaTY8clnAGU=,A8UQ52Y/yS2b2nWEo4PzxgiHkcU=
9,-16,+5o3RU0mqqxilqSLHaTY8clnAGU=,A8UQ52Y/yS2b2nWEo4PzxgiHkcU=
8,-16,+5o3RU0mqqxilqSLHaTY8clnAGU=,A8UQ52Y/yS2b2nWEo4PzxgiHkcU=
